motif271	M004_0.6	0	0.000963009	0.0895599	0.0447799	7	UGUCUGU	UGUGUGU	+
motif113	M012_0.6	0	0.000637261	0.0592653	0.00740816	7	UUUUUUU	CUUUUUU	+
motif113	M025_0.6	0	0.000292475	0.0272002	0.00388575	7	UUUUUUU	AUUUUUU	+
motif704	M026_0.6	0	0.000216891	0.0201708	0.0201708	7	CCACCCC	CCAACCC	+
motif375	M036_0.6	0	0.000745041	0.0692888	0.0692888	7	CCUCUUG	AAUCUUG	+
motif40	M037_0.6	0	5.58528e-05	0.00519431	0.00519431	7	UGCUUGCU	AGCUUGC	+
motif81	M043_0.6	0	1.61128e-05	0.00149849	0.00149849	7	CCUCCCCG	CCUUCCC	+
motif441	M049_0.6	0	0.000184148	0.0171258	0.0171258	7	GUGUGUU	GUGUGUG	+
motif397	M069_0.6	0	0.000419216	0.0389871	0.0342266	7	UUGCUCA	UUGCACA	+
motif437	M073_0.6	0	0.000719095	0.0668758	0.0668758	7	UGAUACU	CGAUACU	+
motif719	M074_0.6	0	0.00031214	0.029029	0.029029	7	AGAAUGA	UGAAUGAG	+
motif113	M075_0.6	0	0.000103034	0.00958213	0.00334257	7	UUUUUUU	UUUUUUG	+
motif113	M077_0.6	0	0.000179708	0.0167128	0.00334257	7	UUUUUUU	UUUUUUC	+
motif109	M081_0.6	0	9.54136e-05	0.00887347	0.00443673	7	ACCAUCA	AACAUCA	+
motif571	M083_0.6	0	0.000455841	0.0423932	0.0423932	7	GCAGCUC	GCAGCGC	+
motif109	M111_0.6	0	7.94539e-05	0.00738921	0.00443673	7	ACCAUCA	AACAUCA	+
motif397	M136_0.6	1	0.000736056	0.0684532	0.0342266	7	UUGCUCA	AUUGCACA	+
motif113	M149_0.6	0	0.000146369	0.0136123	0.00334257	7	UUUUUUU	CUUUUUU	+
motif113	M150_0.6	0	0.000138012	0.0128351	0.00334257	7	UUUUUUU	UUUUUUG	+
motif113	M156_0.6	0	9.91275e-05	0.00921886	0.00334257	7	UUUUUUU	UUUUUUC	+
motif441	M157_0.6	1	0.000837832	0.0779184	0.0353281	6	GUGUGUU	UGUGUGU	+
motif684	M159_0.6	0	0.000470742	0.043779	0.0206247	7	UGCCUGC	UGCAUGC	+
motif321	M168_0.6	0	0.00100086	0.0930798	0.0930798	7	GUGGUUU	GUAGUGU	+
motif210	M188_0.6	1	8.51971e-06	0.000792333	0.000792333	7	UUUCCCU	CUUUCCCU	+
motif590	M207_0.6	0	2.36594e-05	0.00220033	0.00220033	7	CCCUUCC	CCUUUCCC	+
motif670	M227_0.6	0	6.24596e-05	0.00580874	0.00290437	7	CUUUUCC	CUUUUCU	+
motif55	M228_0.6	-1	0.000103156	0.00959346	0.00479673	7	CCCUUUCU	ACUUUCU	+
motif684	M231_0.6	0	0.000665313	0.0618741	0.0206247	7	UGCCUGC	AGCAUGC	+
motif744	M242_0.6	0	8.43331e-05	0.00784298	0.00784298	7	CCAAAUC	CCAAAUU	+
motif113	M328_0.6	4	0.000285225	0.0265259	0.00388575	7	UUUUUUU	AUCCUUUUUUUUCG	+
