motif50	M012_0.6	0	0.000637261	0.0592653	0.00740816	7	UUUUUUU	CUUUUUU	+
motif44	M016_0.6	0	0.00103525	0.0962779	0.0962779	7	GGCCAAG	GGACAAG	+
motif50	M025_0.6	0	0.000292475	0.0272002	0.00388575	7	UUUUUUU	AUUUUUU	+
motif15	M049_0.6	0	6.01261e-05	0.00559172	0.00559172	7	GUGUGUGC	GUGUGUG	+
motif64	M050_0.6	0	0.000603569	0.0561319	0.0424502	7	GUGCGGG	GCGCGGG	+
motif42	M051_0.6	0	0.000104658	0.00973319	0.00973319	7	UUACUUU	AUACAUU	+
motif26	M054_0.6	0	0.00105802	0.0983959	0.0690659	7	GUGCGCC	GCGCGCG	+
motif121	M061_0.6	1	0.00077668	0.0722312	0.0722312	6	CUGGCCA	GCUGGAC	+
motif4	M069_0.6	0	0.000801071	0.0744996	0.0744996	7	UUUCACAC	UUGCACA	+
motif50	M075_0.6	0	0.000103034	0.00958213	0.00334257	7	UUUUUUU	UUUUUUG	+
motif50	M077_0.6	0	0.000179708	0.0167128	0.00334257	7	UUUUUUU	UUUUUUC	+
motif86	M083_0.6	0	0.00043116	0.0400979	0.0400979	7	GCUGCGC	GCAGCGC	+
motif64	M109_0.6	0	0.000912907	0.0849004	0.0424502	7	GUGCGGG	GCGCGGG	+
motif93	M140_0.6	0	0.000800699	0.0744651	0.0744651	7	CAGCCAG	CAGACAG	+
motif50	M149_0.6	0	0.000146369	0.0136123	0.00334257	7	UUUUUUU	CUUUUUU	+
motif50	M150_0.6	0	0.000138012	0.0128351	0.00334257	7	UUUUUUU	UUUUUUG	+
motif50	M156_0.6	0	9.91275e-05	0.00921886	0.00334257	7	UUUUUUU	UUUUUUC	+
motif50	M328_0.6	4	0.000285225	0.0265259	0.00388575	7	UUUUUUU	AUCCUUUUUUUUCG	+
