True_Label,Prob_Control,Prob_Ablation
0,0.19235648256971793,0.2598889108243853
1,0.768462007273772,0.7141829993663552
1,0.6047104931016694,0.6238888040076945
1,0.6916736901986897,0.6816556068283347
0,0.4603854680407312,0.4845301578680316
0,0.43022812195544397,0.41507085618925105
0,0.23859436621170374,0.30617301389168505
1,0.659619949383262,0.6311859870554366
0,0.7896314402917343,0.7437036837599719
1,0.6665929792429787,0.6304362247471741
0,0.5157519960431729,0.4713966374001771
1,0.7074143227687347,0.7013405491502677
0,0.4590053224553225,0.4942027640042594
1,0.47066504345327875,0.4638632999143672
0,0.5670225773572832,0.5797508130190242
1,0.6982082324538209,0.6322583972174366
1,0.8667654405980494,0.8475808300073423
0,0.14624518781871723,0.22544873602624885
1,0.6096380994736259,0.6041073114569525
0,0.6022143717393716,0.6095359330307881
0,0.9341340399064535,0.8945770273694938
1,0.6263790487290487,0.5916443640348021
1,0.7387946576299522,0.7048153340871807
0,0.21158785103785122,0.27804003012420875
1,0.49242371794871803,0.49765991718060837
1,0.6704682877579939,0.623801686891965
1,0.6222891996891994,0.6134140716404625
1,0.5314335969585968,0.5366574694665798
1,0.4965363913863911,0.4969724063500412
1,0.7398696775446776,0.7130798176347473
0,0.4119359390609387,0.4114770785224589
0,0.6516260132024834,0.6220503315998929
1,0.4742968942168942,0.4763500186644087
1,0.3481369630369632,0.3205234111383958
0,0.4920205683205683,0.5235399515869718
0,0.37651106671106693,0.3510374884760567
0,0.4826047541165643,0.5028356859270661
0,0.6705114852983277,0.6446780873762077
1,0.6183970953023586,0.610111207795383
1,0.42953725163725154,0.4230992673839845
0,0.4108272699522699,0.38775727016575
1,0.4218062510592561,0.5275022059128172
1,0.709473426573427,0.6588475265815992
0,0.359206143856144,0.35964689744105677
0,0.7487087154675393,0.7147328255772831
0,0.4706426739926739,0.4812257556151386
0,0.5889167317244394,0.589006486837508
0,0.423445942945943,0.46331098589245284
0,0.49711674436674425,0.4776237396455385
0,0.4367483516483515,0.400451495229587
0,0.7141479232453378,0.7148449808679408
1,0.7421339080853787,0.7297477851954323
1,0.6717076312576314,0.6258780003209621
1,0.1135983124718419,0.19428679615329078
1,0.47066504345327875,0.4638632999143672
1,0.6336029189764483,0.6306025023739186
0,0.22258365245865253,0.2540003024996929
0,0.17896923631923636,0.25999972326891
1,0.6882921078921086,0.6662269491206332
1,0.5021783744033745,0.5301934093093084
0,0.4507397138808904,0.45345239843479856
1,0.8471919913419916,0.7870849585964282
0,0.5061242234818321,0.5075185034175804
0,0.5320396464646463,0.5340603520669808
1,0.5305794061494065,0.5526388818611905
1,0.4670509990009988,0.4876286754177301
1,0.4115229742479744,0.4214942118167229
1,0.6808029442779447,0.6375615969176776
0,0.4175300207102843,0.3928020695705454
0,0.6684358141858138,0.6335959615731235
1,0.6915099261849261,0.6808269049947407
0,0.4326250055500059,0.4514564003021466
1,0.4176990933902699,0.4354601674624717
0,0.4289488434271041,0.44839049304337386
0,0.4646690927590927,0.4940622348502914
0,0.49354996980144034,0.49961071408798163
1,0.4919135309135307,0.5110681827821706
1,0.6605819985569983,0.6163222329016218
0,0.29766987056631017,0.3349954310208209
1,0.6740250804750806,0.663654028890703
0,0.434449470412628,0.42429246715969804
0,0.4955201639004269,0.537429210444826
1,0.4742968942168942,0.4763500186644087
0,0.39565067432567425,0.3869127302857804
1,0.4475081310846017,0.4267953046608807
0,0.2557041212055918,0.26590600958972216
0,0.5450826740510952,0.5245928103184314
1,0.45718395782961035,0.4406470738989567
1,0.6798138162491102,0.6250586601208086
0,0.4152300444653386,0.40554702411861604
1,0.49568811956017866,0.47459817713041275
1,0.5277993783993784,0.5710457490948275
0,0.27681346986346983,0.3143526502394944
0,0.8292489163857588,0.7964696714595897
1,0.6060985379247757,0.6114882213746373
1,0.33537902828166,0.3526284901844335
0,0.37305970418470397,0.35756740466772025
1,0.8549535908535906,0.7907477139133079
1,0.5265402553329024,0.5208878092503073
1,0.6665929792429787,0.6304362247471741
1,0.3869669219669223,0.394368781825213
0,0.44703553668553686,0.45628034364731157
0,0.6224640609390603,0.5724440420694262
1,0.6915099261849261,0.6808269049947407
0,0.4881959540459539,0.49286430463505865
1,0.6829557664557667,0.6264334106557914
0,0.41273216309833954,0.4648906120567771
1,0.19203778443778466,0.25165548910742863
0,0.4102253940503941,0.4259568555413316
0,0.5150577866577867,0.5028171930141021
1,0.42530087690087687,0.4449976500379344
0,0.47724744438567973,0.5067492986840157
0,0.18395176285702605,0.23138455563710508
1,0.8526406704406707,0.8380626932091287
1,0.4304492318139379,0.41021695255655216
1,0.7576827603768778,0.7169951827388433
1,0.4464471277088922,0.44816184102252604
0,0.3985694222444223,0.3759140674959491
1,0.39850414536443934,0.3827917092083909
1,0.4417690368455075,0.4397874168634258
0,0.3757002497502497,0.3851598641630878
1,0.7356102397602399,0.6852664106866753
0,0.2730431818181816,0.34355743470408456
0,0.3938859780742136,0.38099007098256604
0,0.5761610001109999,0.5639201756698538
1,0.3757002497502497,0.3851598641630878
1,0.48444935064935063,0.44028772446962244
0,0.239951900876901,0.26446010415118654
0,0.4284819515280042,0.4478041088979735
1,0.6081770797613365,0.6002559006889718
0,0.43322570762570767,0.48177292708506586
0,0.42896263458763473,0.47212781015208727
0,0.5511985514485515,0.5560373721157789
1,0.7507558286158289,0.7037760499313733
1,0.4676286213786216,0.4721888160283167
1,0.2688571262071262,0.35778462520266874
1,0.5418679310153447,0.5425505830125549
0,0.27799395881895883,0.34370230198051566
1,0.39076035353535343,0.3726844754762079
0,0.6679881820793591,0.6511095932928316
1,0.5021364746364747,0.531958044030871
1,0.25996045547556074,0.2633441430198769
1,0.6598180153180154,0.6021689789584534
1,0.7389229631479628,0.7302518851134889
1,0.7820071733821734,0.7017361170883022
0,0.33128183466859923,0.3497852280690931
1,0.401930544292309,0.4233413826438024
0,0.4218062510592561,0.5275022059128172
1,0.5014204489954491,0.4803862161245165
0,0.5556482175232174,0.5502801403976508
1,0.4876679220779221,0.5019580623639333
1,0.6335595047924452,0.6147441152159223
0,0.25996045547556074,0.2633441430198769
1,0.5588841633529866,0.5785017331714833
1,0.7629517926517926,0.718727339000783
0,0.4539802530802526,0.43951698096856323
0,0.5190657859684176,0.5431755762343984
0,0.4395697578565224,0.4379113473707353
0,0.37768450315594304,0.38982864739318007
0,0.5133549008301643,0.5335024031848565
0,0.22992491952491964,0.2957939829223954
0,0.5839752358752355,0.5875859964751295
1,0.7092094575359282,0.6452128337503311
0,0.35833109668109653,0.3705920362587254
0,0.47249837735364036,0.486546893733135
1,0.49569426096069286,0.5095026183182044
1,0.6772567928803226,0.6494201863338955
1,0.5871357332210275,0.595192413129672
0,0.3135991425241425,0.37182146400084415
0,0.28491281496281495,0.3321169811645436
0,0.24805269730269733,0.27254056863195253
1,0.4280978445531077,0.43497254731743085
0,0.31006181771444935,0.3610126300004277
0,0.6923395604395611,0.6340215405182685
1,0.46268601953601957,0.4722936000598801
0,0.25996045547556074,0.2633441430198769
0,0.4570141594817294,0.4796772409945912
1,0.6351031701631709,0.6124209246065192
0,0.3394173160173157,0.36928486839412905
0,0.3687308191808192,0.34612791864933573
0,0.4881959540459539,0.49286430463505865
0,0.21569870407370417,0.26169180169914746
0,0.3243177267177267,0.3803038199801725
0,0.24316144966144979,0.2515063600497312
1,0.25996045547556074,0.2633441430198769
1,0.4802717060717061,0.5059905933335472
0,0.1337326340326341,0.20008863194555115
0,0.3170873626373626,0.3285886158125816
1,0.3192408924408925,0.3771914661025925
1,0.5339032761906137,0.5177534386795742
1,0.4218062510592561,0.5275022059128172
1,0.5018917748917749,0.5213315332959787
1,0.7255656751744989,0.683331928666167
0,0.6513919053169056,0.6343756477158516
0,0.2674324410883237,0.30732341902482235
1,0.7166571928071932,0.6670467979864073
1,0.48277156177156205,0.5202488725941811
0,0.5641766434975418,0.5571778697069802
1,0.7740841675638891,0.7668577374035098
0,0.30430114885114884,0.312980278658902
0,0.48312740870240894,0.4936110686185217
1,0.4934050505050506,0.46858066670076925
0,0.6783434225045682,0.7063501275275852
0,0.21035897479713256,0.28245464834744616
0,0.5430675491175488,0.49899584544322817
0,0.5541977933177936,0.548529940405061
1,0.5245740065490065,0.516269723934755
0,0.2770169746919748,0.3253492594230509
0,0.4189061859708919,0.370859728134586
0,0.30698964450582106,0.3269802024953505
0,0.5288975408963477,0.5067336966783403
1,0.4464471277088922,0.44816184102252604
0,0.23992393483709276,0.3223209313457448
1,0.4218062510592561,0.5275022059128172
1,0.7681951249404187,0.7434327475379635
0,0.2705257437007439,0.3473481096163086
0,0.4686583166833167,0.4883333734095192
0,0.5459587017557608,0.5528147033138836
0,0.2988317818146767,0.30781476984954464
0,0.41437500277500283,0.40657207943788115
0,0.45394166564429733,0.47451587098983417
1,0.36363844129726486,0.39165988212349545
0,0.6383249773102714,0.6291277761831715
0,0.4675257168442153,0.487428759329724
0,0.35773081330434303,0.35334901310051176
0,0.554037757710126,0.5742323934730548
1,0.48466591186591174,0.4994752591217632
1,0.4361893789217316,0.4468807408675971
0,0.6224640609390603,0.5724440420694262
0,0.1901964701964702,0.27030281583660654
0,0.4182539550318964,0.4111834516983643
0,0.4906930902430901,0.4958455441853036
1,0.5467792227380462,0.5444382684495397
0,0.4957261885173651,0.49213834516280835
1,0.4355031024531025,0.38729840897546425
0,0.3244029374220553,0.39652246794164886
1,0.5962681633296184,0.5855255290950654
0,0.6316568555971032,0.6049384916784866
0,0.40971184195921023,0.3704305089029544
0,0.4891033897475072,0.44893491160646776
1,0.6850896964146967,0.6550057905485406
1,0.43328002601263443,0.4322160859823165
0,0.5558256010656013,0.5235316774395744
1,0.5933190032190035,0.5917011589852244
1,0.7512357642357642,0.7182174371687907
0,0.2770169746919748,0.3253492594230509
1,0.5424615049556869,0.5366657272406996
0,0.41015111604082166,0.40463683087978064
1,0.8471919913419916,0.7870849585964282
1,0.44593914973914944,0.4364439779763383
1,0.681998069468658,0.6842230296219752
1,0.5096289695512608,0.5512304532188865
1,0.44370770063270054,0.4634639531758146
1,0.6915048590298594,0.6992523586490843
0,0.6544467393717395,0.6499508959344996
0,0.6374191733103499,0.6463878112280065
1,0.4280978445531077,0.43497254731743085
0,0.32807829743356076,0.3675376339913851
1,0.4802717060717061,0.5059905933335472
1,0.4176990933902699,0.4354601674624717
0,0.3077455044955045,0.34003828113557266
1,0.7213021606745744,0.697480345293546
1,0.6394687531766478,0.5872591619778422
0,0.4225582855053443,0.41044920376213434
0,0.1851711760461762,0.24489974589577346
1,0.6096380994736259,0.6041073114569525
1,0.8662911002739949,0.803990811484847
1,0.8522197857697857,0.8155939537717942
0,0.8759700799200798,0.8021001360357383
1,0.5255614206055383,0.5310286388329227
1,0.6941523754023756,0.6443703700409235
0,0.5179791042291044,0.5161909262952837
1,0.5106476105593754,0.49523979065626533
1,0.6676468420468419,0.6266410489519844
0,0.2586251082251083,0.30062704641581683
1,0.7221794982794988,0.7183656774912252
0,0.4252045942945942,0.417383456358366
1,0.5355842740592741,0.47056794751971176
0,0.20782355030590344,0.2911326015277086
1,0.42961865356865353,0.4548942331267184
1,0.7279418997668992,0.6744424944685847
0,0.39590369630369643,0.44620999346372897
0,0.2451421744921746,0.2898368774809979
1,0.6383249773102714,0.6291277761831715
0,0.4476932010146717,0.5111984835060863
1,0.6467070596070593,0.6429186058714842
1,0.664800688527159,0.61232457411073
0,0.5333125541125542,0.558388882739555
1,0.4782265734265733,0.49110086688316335
0,0.20216261405261415,0.22274557113596083
1,0.7171498971616618,0.6974489588921426
0,0.5034794760794759,0.5274643571261901
1,0.39487330169830176,0.4526699832569495
0,0.5628080840212418,0.5329731616219522
1,0.5467792227380462,0.5444382684495397
0,0.22634645354645355,0.24951177138804265
1,0.7395741591741594,0.6854736892745359
0,0.278424101337259,0.3552994320941381
0,0.7047554683878212,0.703442182475359
0,0.4002302475302475,0.36605771722135133
1,0.4189314713064711,0.38338597937766383
1,0.45480939060939063,0.501900263201055
1,0.7166571928071932,0.6670467979864073
1,0.6518273764247449,0.6024754936922205
1,0.9189666666666669,0.8796523699213774
0,0.4298908468655527,0.43586182033182586
1,0.6650770621535331,0.6134782618158888
0,0.4233429681429684,0.43994541785829705
0,0.312440900765901,0.35339655796707276
1,0.6015113997113998,0.565331015180681
0,0.4022134032634032,0.4031878468559164
1,0.6743417107746048,0.6283089822489986
1,0.41028922401128276,0.4330787584871459
1,0.6899180461695169,0.6308186281904663
1,0.695762834825993,0.6459034464505378
0,0.3124787563313882,0.35197828199360676
1,0.7609866217116219,0.7180498799309
0,0.14431662781662785,0.20008722683949748
0,0.4555012171162171,0.4477531568048387
1,0.6291234497958184,0.60141584387917
1,0.5104192973692973,0.4822044375117723
1,0.5096289695512608,0.5512304532188865
0,0.4915615978792449,0.5003278515766449
0,0.7212021117771119,0.6960865907914211
0,0.3982580959889784,0.39430432383960895
1,0.5088454143465753,0.5001724366821854
1,0.6858702020202021,0.6155211642523695
0,0.4287957356369119,0.46322974664953254
1,0.6743859545356606,0.6375155127620978
1,0.3213399655899653,0.39413480985634836
0,0.22200747030747042,0.2743659956319753
0,0.3428303044908308,0.4309198596495727
1,0.3482800068352697,0.38299380020646084
0,0.28220737318237316,0.2965512713427982
0,0.4367483516483515,0.400451495229587
1,0.3986439088689091,0.450354550316009
0,0.4308270814153162,0.41512907457028153
1,0.7087847929847927,0.642260040958297
1,0.7831911255411252,0.741567337765776
0,0.42919329836829867,0.44250800087311104
1,0.5914427032032297,0.6217416487811313
1,0.44760546953046965,0.44284956181276175
0,0.4579683594183592,0.525005880528155
1,0.5729673630291281,0.5659533750466698
1,0.740909569482805,0.7069311069152352
0,0.456137107337107,0.45116944917334056
1,0.25996045547556074,0.2633441430198769
1,0.7669029241999838,0.7311623313412541
0,0.30999311440193794,0.2991368716314017
0,0.21385173160173168,0.23888863028045842
1,0.7358514541014544,0.7072198811160815
1,0.5179794878324291,0.5219719467691966
0,0.44964686147186145,0.46746940047730534
1,0.5916588787029964,0.5971119865916686
0,0.40422651237651275,0.3984940855223842
1,0.7353822066822068,0.7071307423083761
0,0.5023417823404667,0.4686578842162263
0,0.4329055222555223,0.4413576825658384
0,0.492103046257522,0.47377769161048006
0,0.4539802530802526,0.43951698096856323
0,0.3713434787434787,0.38474112353883455
1,0.41333373404373397,0.3971482292627
1,0.7458184981684982,0.6361290506685288
0,0.4513208699796935,0.47458257802804316
1,0.11052078754578756,0.18619087937905796
1,0.42953725163725154,0.4230992673839845
1,0.7058084110334109,0.7548971681096682
0,0.3276303836514364,0.25053055555555553
1,0.42622270784770777,0.4827111111111112
1,0.6333602184365343,0.5882070387129207
1,0.7207570140385933,0.7749636002886003
0,0.5879465312465312,0.5766337301587301
1,0.6378013950102186,0.6706216838716836
0,0.4376379615553529,0.46815357142857134
1,0.8058453296703297,0.8121185714285716
0,0.6172641478920119,0.6317438311688309
0,0.49306629101892274,0.47594868662039713
0,0.2563338050838053,0.19976547619047613
0,0.5338689754689757,0.5323811327561329
1,0.7391383005883004,0.7646912698412697
1,0.41120847208347217,0.41496199633699643
0,0.8394898797109329,0.8664977272727268
1,0.6804664425730217,0.6926297619047621
1,0.45730468926498363,0.45724880952380936
1,0.6769006165403223,0.7373384615384616
0,0.4763344452932689,0.45280589965589985
0,0.8118026473526478,0.8415638888888887
1,0.6043588241823535,0.6735206349206349
1,0.281644733044733,0.21933655462184887
1,0.516745753763145,0.5053304110105581
1,0.5111003738091973,0.49302505272505276
0,0.3064605838605838,0.2689072871572872
1,0.37010824682563803,0.40396388888888907
0,0.5303068065090513,0.5499579365079367
1,0.39349129204129196,0.37550914786967415
0,0.6656204351204348,0.6655835317460312
0,0.6946511988700281,0.660279983904984
0,0.5099142080142078,0.5022198892042881
0,0.29986502503344614,0.2338774170274171
1,0.5316160790190204,0.5353499999999999
1,0.5155811272061273,0.5453976190476191
0,0.3016569874569875,0.22557554112554107
0,0.2021845598845599,0.15634781746031745
0,0.3016569874569875,0.22557554112554107
0,0.39630555796562394,0.3970635465754186
1,0.6667048507048506,0.7288353174603169
0,0.5340492290990743,0.5598388583638582
0,0.24725349650349662,0.2192404761904762
0,0.42580724830724836,0.43220873015873007
1,0.4674504911754913,0.5011790404040402
1,0.6698905188980265,0.7031369047619047
1,0.39214512611571456,0.3029542016806724
0,0.4070532134532132,0.362872619047619
0,0.5257725263041052,0.5176688034188034
0,0.5650676934176935,0.5608260822510822
0,0.3361084453987706,0.33838266382310483
0,0.31903532023532016,0.25113845321345335
0,0.3042292984792986,0.20610314407814415
1,0.5534863748480622,0.5392633944486884
0,0.4093735999294826,0.4082261111111112
1,0.6198906593406598,0.678814393939394
0,0.4913154845154844,0.49270575927340615
1,0.43000508658008657,0.39824206349206326
0,0.1663986263736264,0.12118237840590784
1,0.9158344710844709,0.9253128205128203
1,0.7317101749628606,0.7586588827838828
0,0.4165246789158554,0.43761774709208906
0,0.6472369493538226,0.6145579254079253
1,0.6452574314574316,0.7074414502164502
1,0.8618141414141415,0.8666958646616543
0,0.25563302253302256,0.19110329670329673
1,0.39630555796562394,0.3970635465754186
1,0.34453994025298385,0.34030175070028
0,0.32517517760017745,0.2503191558441558
1,0.2664080808080808,0.22299554514113343
0,0.23519220224220222,0.19913086080586087
1,0.6918018259518266,0.7358261904761906
1,0.5519170107670109,0.542591575091575
1,0.3578432730668027,0.38822023809523815
1,0.5183319696643226,0.5271513347763347
0,0.44615383505383505,0.4142107142857144
1,0.6161144556367677,0.5666474664224666
0,0.45556915306915297,0.46703721246074176
1,0.5840731351981348,0.6901754329004329
0,0.42258565878565874,0.4030919025419026
1,0.7327385281385282,0.7693291979949871
0,0.4442777158514,0.47776111111111125
0,0.0807024452671512,0.05521349206349207
1,0.8618141414141415,0.8666958646616543
0,0.4942317436949018,0.5246631868131869
1,0.6695572705072701,0.7251523809523808
0,0.4722386221621517,0.43059761904761895
0,0.14177422372948703,0.1099190476190476
1,0.4807233191644954,0.43715198412698414
1,0.6489723729688338,0.684860696248196
1,0.6870231379731379,0.7213606837606833
1,0.6945996777732071,0.7544922077922078
0,0.6114296282149226,0.6289272727272729
0,0.4388388472638473,0.4249401965982076
0,0.45520161798985326,0.46365466310005793
0,0.26812369779343476,0.2527392857142858
1,0.1162250860250861,0.11044610389610392
1,0.5748225664084796,0.846591425241425
0,0.2479273064654646,0.202022190391308
1,0.3993706442250561,0.4100989538239537
1,0.8826746891996897,0.8906839598997491
0,0.4421374958374957,0.4151552987861811
0,0.5003024364524363,0.4820174603174601
1,0.34453994025298385,0.34030175070028
1,0.4434172133422131,0.4894309523809524
0,0.2578064892623717,0.20512499999999997
1,0.47684446051024987,0.4792039215686274
1,0.6825474886224887,0.7332470238095237
1,0.49978050287345943,0.503276587301587
1,0.7004429265179264,0.6773786713286714
1,0.524319699262091,0.5126059607059607
0,0.09953046953046954,0.07668095238095238
1,0.7453444217618134,0.7827630952380955
1,0.7449395473807237,0.7790380952380953
0,0.5818659379835849,0.5806090548340549
1,0.5286799017975489,0.519861111111111
0,0.5099142080142078,0.5022198892042881
1,0.4214973970473969,0.4060666666666668
1,0.7254726101929099,0.7772492063492061
0,0.6430034215784223,0.6710024364524362
0,0.5578495675806818,0.5331798811224896
1,0.38163708382261,0.36823800366300385
0,0.6966713915169802,0.7173068903318905
0,0.2753894688644688,0.2566185801041065
0,0.4379136809269164,0.3900968253968253
0,0.4711521256521256,0.473115639589169
1,0.47684446051024987,0.4792039215686274
1,0.5286799017975489,0.519861111111111
0,0.6206123808939601,0.6192452380952379
1,0.7689065814560399,0.7889944277944275
0,0.2128031357531358,0.16821190476190478
0,0.5775745664466254,0.5705972222222224
1,0.5697023083126025,0.5587112637362638
0,0.5663612814086495,0.569850983436853
0,0.507900512353144,0.5288249108734402
0,0.26512899616723146,0.18672142857142854
1,0.7085970920032842,0.7802309523809522
0,0.524319699262091,0.5126059607059607
1,0.4454080669330669,0.43739377289377285
0,0.7370115329115329,0.8025130952380951
0,0.4684082750582748,0.4527842595012487
0,0.44773829226329226,0.4230555555555556
1,0.3866524309024308,0.38215912486206605
1,0.4758082584082589,0.4651079365079367
1,0.639685780885781,0.6567088023088026
0,0.20925378232878242,0.16372142857142857
1,0.40862932403853447,0.34692489177489155
0,0.5262486213133273,0.4993186507936506
1,0.49978050287345943,0.503276587301587
0,0.4708026563220059,0.47856428571428544
1,0.5580614718614719,0.5539501803751805
1,0.5439534674389936,0.5194153129034708
0,0.3951274660524659,0.4324654761904762
0,0.3370501701514859,0.27233373015873014
1,0.6128478909978914,0.6878273809523812
1,0.4678861555111557,0.4355488095238095
0,0.4396138785191414,0.45335476190476187
1,0.47477775116180726,0.47538650793650783
1,0.3848891358641357,0.38948769841269837
1,0.8742709235209236,0.8888738095238096
0,0.34892088656957077,0.3623975589225588
0,0.6240221944721946,0.6198638583638583
0,0.28465231990232004,0.1789328063241107
0,0.43310979298479296,0.407939144189144
1,0.7004951985149352,0.7465785714285718
0,0.4736099289599291,0.504551098901099
1,0.6395388833388839,0.7045896825396825
1,0.7436417604067759,0.7724998556998558
0,0.42258565878565874,0.4030919025419026
0,0.4976915468518412,0.446725641025641
0,0.492180602368646,0.45695274725274704
1,0.42821125818625827,0.44749304029304027
0,0.24511419691419686,0.2024904761904762
0,0.6132307220557224,0.6847793650793649
1,0.30206758339699524,0.27142990620490626
1,0.8199244727494727,0.8442142857142858
1,0.5853508714969242,0.5416698412698413
0,0.37938593400063997,0.378065873015873
0,0.19582724220224224,0.16639047619047617
1,0.4495209540459539,0.44916594516594516
1,0.6132307220557224,0.6847793650793649
0,0.5525229992229991,0.537382693914273
0,0.427979975743211,0.5002770035520037
0,0.6440071169027057,0.6415833333333338
0,0.5015036963036964,0.49795595238095247
1,0.8065287647537646,0.8233902691511387
0,0.4722386221621517,0.43059761904761895
0,0.5340492290990743,0.5598388583638582
0,0.494065984015984,0.4746714285714286
0,0.469600465032044,0.4968572871572872
1,0.37400954323454333,0.39440940836940835
1,0.6353438061938065,0.6148904761904763
0,0.5175613562907683,0.4870555677655677
0,0.5616160672660673,0.5205313075813076
0,0.4666559884559886,0.48779036796536784
1,0.7642286257086565,0.7845040043290046
1,0.313589129242454,0.26247738095238093
0,0.3665041985791984,0.2987083333333332
0,0.42461383942854536,0.4336851592851594
1,0.6503674714174715,0.7376818903318906
1,0.6172641478920119,0.6317438311688309
1,0.8534348373848373,0.8791886446886448
1,0.6977566033583273,0.7868652691511387
0,0.6076861859073164,0.6612865245865241
1,0.7734869176289665,0.8059158102766797
0,0.44078031690531694,0.47134801587301606
0,0.39729158994600183,0.37224957264957237
1,0.31405038262391194,0.25667695050047995
1,0.8118026473526478,0.8415638888888887
1,0.6291520144887796,0.7115711760461759
1,0.5528544733044735,0.5199361111111113
0,0.44995400476716274,0.48395654761904755
0,0.5766753857253863,0.5966750000000001
0,0.4047777167277168,0.39141898656898666
0,0.34667780239084595,0.3585421078921077
1,0.49102032689532654,0.49904960317460306
0,0.7462183760683757,0.7834301311433665
0,0.23713433510933507,0.1716492063492064
1,0.56462327321801,0.5293349816849816
0,0.34760027097085944,0.3336395989974939
1,0.524319699262091,0.5126059607059607
1,0.41533136308136265,0.3810420634920635
1,0.6708522635345389,0.7240563311688311
0,0.4731063991563991,0.4472333333333333
1,0.6689351351864513,0.6368245352686531
0,0.6132307220557224,0.6847793650793649
1,0.41120847208347217,0.41496199633699643
1,0.6701285381285386,0.7377130485527544
0,0.3567520618270618,0.4156848434245493
0,0.4475981027142792,0.4173769841269841
1,0.5941307871866697,0.5609691919191923
0,0.47360420690420724,0.4821916333666332
0,0.49524071484071464,0.5219624819624819
1,0.33328943833943847,0.3454416666666667
1,0.5388216468716468,0.5580550671550673
1,0.657568813350392,0.7164339285714283
0,0.38163708382261,0.36823800366300385
1,0.6770393661893663,0.7487393273393275
0,0.42292111499611507,0.44577288748832883
0,0.9158344710844709,0.9253128205128203
0,0.30089466089466094,0.23851602564102564
0,0.5485142612218701,0.5012415223665224
1,0.847937950937951,0.8761247863247862
0,0.38792299922299905,0.3438040955776251
0,0.46503250083250086,0.4411730158730158
1,0.7624868908868911,0.8114452380952379
1,0.7267814591354068,0.7860761904761906
0,0.49302969367234106,0.4885869963369964
1,0.5439534674389936,0.5194153129034708
1,0.6949338076955726,0.7242017543859651
0,0.5183918331668331,0.5383106612341906
1,0.5007553670100111,0.4736776942355888
1,0.6831434759684758,0.6542024725274721
1,0.7634589934575228,0.7905810064935063
0,0.6064124875124878,0.5702239177489178
1,0.4499796536796536,0.471508424908425
0,0.1293970131176015,0.10219208259061204
0,0.20056751304251325,0.14259285714285722
1,0.3122041625041623,0.32632103174603183
0,0.14177422372948703,0.1099190476190476
0,0.5842487095750252,0.6112500000000002
0,0.7141387378187684,0.740260064935065
1,0.4190776196026199,0.39729087301587257
0,0.36167670662670653,0.3597175324675325
0,0.2916796869796869,0.2691186507936508
1,0.6440071169027057,0.6415833333333338
1,0.6605698856698861,0.7296690476190476
1,0.6297133574557483,0.6511039682539679
0,0.5728523143523142,0.5580027777777778
0,0.3268520368520371,0.24398134920634917
1,0.6172641478920119,0.6317438311688309
0,0.4352201048951047,0.4192323960353372
1,0.45790535828905377,0.46892103174603195
1,0.698882661782662,0.7009588490456912
0,0.24371268176268185,0.17064861111111115
0,0.39630555796562394,0.3970635465754186
1,0.5380402847152848,0.5295559801309802
0,0.5561745178734309,0.5272030136530135
1,0.7758922318422319,0.7954769841269841
1,0.4482423298923299,0.43835595238095243
0,0.40711440178179314,0.3889047619047619
1,0.5057172466422466,0.5021896825396827
0,0.3697207847707847,0.3289167748917748
1,0.5057172466422466,0.5021896825396827
1,0.4355265859871122,0.45610357142857144
0,0.6656204351204348,0.6655835317460312
0,0.535372642887093,0.49465218253968257
1,0.32303872190611327,0.2552313492063491
1,0.3475554169686524,0.35795891053391055
0,0.24728256743256743,0.19597976190476196
1,0.7348520590520591,0.7463317460317458
1,0.4190828615828614,0.4230682539682539
1,0.5475199462302405,0.5772445887445886
0,0.4560265678765678,0.4586916666666667
0,0.5079583922613333,0.5369574297735288
1,0.7181393819458832,0.7532031746031744
0,0.2708971417471417,0.23653856209150337
0,0.40581689225806855,0.41237823725981615
0,0.4338748889998891,0.3957764741794154
1,0.778631836438415,0.8118420634920638
1,0.5461592407592409,0.49560440817352563
0,0.42732770988901037,0.4465410558395853
1,0.5294436618936619,0.5072232267732265
1,0.7188612332112332,0.767554070929071
1,0.655893618077829,0.7368940476190473
1,0.5230488426606071,0.5251488095238096
1,0.7055494727494732,0.7325303571428574
0,0.29298834265150053,0.22159088256514725
1,0.5786898601398602,0.5741540358248562
0,0.5748225664084796,0.846591425241425
0,0.26908146020646034,0.27050561105561094
0,0.2691947496947496,0.22915357142857143
0,0.722401212676213,0.7631482323232319
1,0.5485142612218701,0.5012415223665224
0,0.4379136809269164,0.3900968253968253
1,0.4599545139501022,0.4904504273504274
0,0.4093735999294826,0.4082261111111112
1,0.2927195748695747,0.3040164141414142
1,0.6437601860557741,0.7168720238095238
0,0.6179080808080811,0.6110218253968259
0,0.4943286427023268,0.49362817460317465
0,0.14177422372948703,0.1099190476190476
0,0.39630555796562394,0.3970635465754186
1,0.7220087827205476,0.7698008241758239
1,0.1162250860250861,0.11044610389610392
1,0.7529360012349717,0.8026388053466997
0,0.41939970421735107,0.4301912698412698
0,0.44773829226329226,0.4230555555555556
1,0.41230358851674687,0.41584365079365093
1,0.29855158175158164,0.24629660894660893
1,0.8785206515706514,0.9072166666666666
0,0.36731762126762135,0.35628517316017316
0,0.5487793640999524,0.5499215756465758
1,0.5217160970608339,0.5599533796612745
1,0.7904260423786738,0.7998128681775738
1,0.6760475329681215,0.6267638039496737
1,0.6489996475746475,0.6452390720390722
1,0.7215709759195053,0.7143242673992676
1,0.4890502386502383,0.48096468253968233
1,0.49255573870573854,0.48977619047619025
0,0.14177422372948703,0.1099190476190476
0,0.4469274947274946,0.4545079059829058
0,0.4412096742438848,0.4633756868131867
1,0.7017726904674273,0.7539861111111112
0,0.2719744787376367,0.275113492063492
1,0.6076861859073164,0.6612865245865241
0,0.21767769175269192,0.17757976190476193
0,0.0807024452671512,0.05521349206349207
1,0.7232902460112988,0.7615539682539681
1,0.4766137576733553,0.44716269841269846
0,0.32721518383577214,0.2962519841269841
1,0.4272378681775743,0.44362871572871554
1,0.739465274637643,0.7881035714285717
0,0.4555722440957736,0.45838647186147186
0,0.34667780239084595,0.3585421078921077
0,0.5089824848955652,0.5014684173669468
0,0.47478650924239163,0.4945054834054835
1,0.6333602184365343,0.5882070387129207
1,0.24371268176268185,0.17064861111111115
1,0.4190776196026199,0.39729087301587257
0,0.6347236735486739,0.619494871794872
0,0.3056227602462897,0.2611976190476189
1,0.6804664425730217,0.6926297619047621
1,0.4285658057707092,0.47455
0,0.21299231879231878,0.1553793650793651
0,0.6882551634639875,0.7296503968253965
1,0.541681833852422,0.5059785714285715
0,0.5673686848028647,0.7375
0,0.41071930354595015,0.2986666666666667
0,0.4953917176977808,0.5830952380952381
0,0.3515889609413437,0.33528571428571424
0,0.48772467259243907,0.452
1,0.5270185275731636,0.5701355311355312
0,0.2114123584808211,0.10400000000000001
1,0.4642404878327332,0.45666666666666667
0,0.5636462707376645,0.6543809523809524
0,0.5546330302462517,0.5673333333333334
1,0.5574837490263822,0.616
0,0.4846454884080205,0.39533333333333337
0,0.3126432655381878,0.15999999999999998
1,0.5477747225768602,0.4843333333333333
0,0.3253436633891577,0.3453333333333333
1,0.487586252979486,0.4465714285714285
0,0.4980271481820169,0.5665238095238095
1,0.5852895545700358,0.7070000000000001
1,0.4932575847034436,0.5583333333333332
1,0.5235512419826033,0.4679047619047618
1,0.5467748732593521,0.48
0,0.4304950192618694,0.4023333333333333
1,0.6058769415492119,0.7658888888888888
0,0.4692023406061908,0.4453809523809524
0,0.38758900641895405,0.42700000000000005
1,0.5452929413915873,0.596
1,0.6769152127578635,0.7024358974358975
1,0.52290794896375,0.6138333333333332
0,0.380044322419799,0.32983333333333337
1,0.7295937422584743,0.6623809523809524
1,0.8335282893247026,0.9216666666666665
0,0.4930367595252848,0.5364242424242424
1,0.5279417993182619,0.6181904761904762
1,0.6781845233730738,0.7558333333333335
1,0.8137363173650711,0.8719047619047621
0,0.42723081844894045,0.5107380952380953
1,0.563099041199592,0.615
1,0.7899219574294322,0.97
0,0.3163562928558035,0.2
1,0.42816254595168335,0.3595238095238096
0,0.5381017040941887,0.43
0,0.49426299925359063,0.5183333333333333
1,0.6723214118366265,0.758
1,0.563099041199592,0.615
1,0.5826504850468827,0.5078333333333334
1,0.5047837284478954,0.5190476190476191
0,0.3681161440708484,0.22700000000000004
1,0.4965928220364786,0.41800000000000004
0,0.32883517462540596,0.17642857142857143
1,0.45090854288112114,0.491
1,0.42816254595168335,0.3595238095238096
0,0.4107285457647672,0.5403333333333333
0,0.5487251717036404,0.5379999999999999
0,0.661346011910789,0.8166666666666665
1,0.6978523105260702,0.8703333333333333
1,0.8550202966724852,0.768095238095238
1,0.41441230935237333,0.3895354678001736
1,0.5852895545700358,0.7070000000000001
0,0.4665148852678262,0.41538095238095246
0,0.3390437966952025,0.20357575757575755
0,0.40194100836038443,0.44933333333333336
1,0.7216074640590623,0.8736190476190476
0,0.2623743154626488,0.18666666666666665
1,0.5160609413657511,0.4636666666666666
0,0.42621354303393594,0.36819047619047623
0,0.2623743154626488,0.18666666666666665
0,0.5497523004233289,0.7603333333333333
0,0.22759967976978585,0.17801587301587304
1,0.6607056367807492,0.9173333333333333
0,0.661346011910789,0.8166666666666665
1,0.49067491943463587,0.5841428571428572
0,0.37626441009974104,0.3090952380952381
1,0.5061028402621204,0.5081666666666667
0,0.344937088875847,0.1409047619047619
1,0.5994256132720237,0.5146666666666666
1,0.5236438821977436,0.5113333333333333
1,0.5945445000603914,0.6783333333333335
1,0.6219656137850536,0.7075714285714286
0,0.46464070176341143,0.41999999999999993
0,0.7238256865727302,0.7813333333333334
1,0.4855386582866591,0.45833333333333337
1,0.6981007050857141,0.5833333333333333
1,0.5782484285902335,0.6842857142857143
1,0.550006246051764,0.5559999999999999
0,0.4308807724847941,0.36823809523809525
0,0.2704527710918561,0.16333333333333333
0,0.07987499639446971,0.04866666666666667
1,0.5955211606292566,0.726
1,0.40186488509211893,0.3276190476190476
0,0.642623407102967,0.8803333333333333
1,0.4682120381899603,0.34689743589743594
1,0.69834812169637,0.8142857142857143
0,0.5030918987016706,0.5166666666666667
0,0.650590867191444,0.7416666666666666
1,0.5845504975665087,0.6490476190476191
0,0.41441230935237333,0.3895354678001736
1,0.6576351067477809,0.6128571428571429
0,0.23956743484899795,0.19066666666666665
1,0.6921026969218791,0.8266666666666665
1,0.5072254045421262,0.4915158730158729
1,0.5823020757377404,0.5973333333333333
0,0.5379554509355552,0.5673333333333332
0,0.3738556128009084,0.28585714285714287
1,0.5731669599028029,0.5902857142857143
1,0.7694024404490281,0.89
0,0.36470413119104933,0.4048095238095239
1,0.7801110511760201,0.8841666666666668
1,0.29783737497893986,0.14433333333333334
1,0.5104541894397222,0.48628138528138537
0,0.6234712325982128,0.577547619047619
1,0.666582193184587,0.7731428571428571
0,0.25662253092147946,0.14194444444444446
0,0.22336253906605766,0.06166666666666666
0,0.5128067959129512,0.48464285714285715
1,0.6683257168666407,0.8440000000000001
1,0.6310440157965882,0.7170000000000001
1,0.6502904825593343,0.6059523809523809
0,0.4201130716457827,0.4806666666666666
1,0.5004588677271953,0.45655844155844155
1,0.6566080904459076,0.668888888888889
1,0.6473199016270361,0.7566666666666667
1,0.5969773683701425,0.7577619047619047
1,0.5633578079898282,0.4848571428571428
0,0.33972350797151707,0.21799999999999997
1,0.6349906333540497,0.562357142857143
0,0.5232661303794436,0.465
0,0.7122058192138597,0.8198333333333333
1,0.5195446560219118,0.5560952380952382
0,0.42073473121451493,0.363
1,0.713634829097343,0.7248311688311688
0,0.3879736701477131,0.4333333333333333
0,0.5193853300219122,0.5958571428571429
1,0.6530548761144008,0.745888888888889
0,0.5462536513280051,0.643
1,0.34448889829058355,0.2814285714285714
1,0.43264727635491135,0.36677777777777776
1,0.3084225055642617,0.16399999999999998
1,0.3912670491398721,0.43799999999999994
0,0.5529757679403096,0.7351666666666666
1,0.7336360582505111,0.8206666666666667
0,0.2592829759359083,0.19866666666666663
0,0.5178181312003978,0.4786666666666667
1,0.6412708354225136,0.6815238095238095
0,0.45653476583550123,0.4463333333333333
0,0.4356299064631453,0.461
0,0.46220890273023324,0.5146666666666667
0,0.32770630089674146,0.2863809523809524
1,0.49112214438990665,0.5269999999999999
1,0.7129934313724963,0.7720476190476191
1,0.4682120381899603,0.34689743589743594
1,0.6982564015320631,0.7979999999999999
0,0.7750870502163215,0.7745238095238096
0,0.5176215632772939,0.4872857142857143
1,0.7651611825650032,0.8316666666666667
0,0.311915981008929,0.2647777777777778
1,0.661346011910789,0.8166666666666665
0,0.41441230935237333,0.3895354678001736
0,0.43697766631395196,0.5365000000000001
1,0.6736892050473632,0.7666666666666666
1,0.5684804231306123,0.4481904761904761
1,0.7232429628646501,0.8274285714285715
0,0.6810989252465375,0.6567777777777778
1,0.6823468390578579,0.755
0,0.4225542611189571,0.436
1,0.7225485084120664,0.8270000000000001
0,0.3253436633891577,0.3453333333333333
1,0.6842023091002035,0.7583333333333333
0,0.7327740611909207,0.7733333333333333
0,0.6464121504193767,0.77
1,0.683291068091676,0.6833333333333335
1,0.8741147759932791,0.8169999999999998
1,0.6974794374507822,0.7146666666666667
0,0.46875326838606696,0.5846666666666667
1,0.5115118917458817,0.62184126984127
0,0.32498973291009264,0.2476666666666667
1,0.670472024284933,0.6817142857142858
1,0.7065546427382181,0.7833333333333333
0,0.4768696967177975,0.42866666666666675
0,0.59610541820317,0.5783333333333334
0,0.5859199434317501,0.413968253968254
0,0.41273041214496164,0.4220238095238096
1,0.545133729227768,0.5577142857142856
1,0.6605770954008087,0.7479617604617604
1,0.6304574653317948,0.5716666666666667
1,0.661346011910789,0.8166666666666665
1,0.7312976286257643,0.8139047619047618
1,0.6722251140583174,0.7907142857142856
1,0.776355223344918,0.8666666666666666
1,0.40876817365858376,0.2993571428571428
0,0.3611736377224367,0.2136111111111111
0,0.5265469561524988,0.5008333333333332
0,0.37029871845663026,0.4121666666666667
0,0.5211268194052279,0.55
0,0.3034344068973288,0.24971428571428572
0,0.3627093032577717,0.38352380952380954
1,0.6936829150793838,0.8322619047619049
1,0.5591072141149899,0.6320000000000001
0,0.6696515567893836,0.7376190476190476
0,0.49500758699708414,0.48361904761904767
1,0.6970692229667376,0.7989999999999999
0,0.327595626405497,0.285
0,0.5291691734224007,0.4843333333333334
1,0.46220890273023324,0.5146666666666667
0,0.485311395612357,0.4709999999999999
1,0.49856257657164427,0.4901666666666666
0,0.4809094126180336,0.41814285714285715
1,0.6700801320065688,0.7096666666666667
0,0.8324332049216845,0.9505555555555556
0,0.5397088527564514,0.5816666666666667
0,0.5411324845354537,0.5821904761904761
0,0.4609761119898288,0.49833333333333335
1,0.49974814369190856,0.36409523809523814
1,0.6582362506729468,0.7809523809523808
0,0.5232661303794436,0.465
1,0.5172446599266567,0.4508888888888889
1,0.49817576902210714,0.534
1,0.4626035829848427,0.585
1,0.5512470768539329,0.6333333333333333
0,0.46602372971524475,0.449
0,0.4268977159041674,0.35533333333333333
0,0.3970910614727754,0.5050000000000001
1,0.48030767724586293,0.31666666666666665
1,0.6502904825593343,0.6059523809523809
1,0.5666067527630713,0.5141111111111111
1,0.7244233954332018,0.7831904761904761
0,0.3672716311886349,0.24800000000000005
1,0.5380336070264224,0.5520995670995671
1,0.4349715771613339,0.4551666666666666
0,0.3213989572573359,0.2703333333333333
1,0.5138387306811092,0.38105555555555554
0,0.4127873605858303,0.29
0,0.32498973291009264,0.2476666666666667
1,0.5132848067099101,0.43333333333333335
0,0.40024944287981856,0.48216666666666674
0,0.400028442213827,0.3833174603174603
0,0.44647132776671955,0.4823809523809524
1,0.3637929761202004,0.344
1,0.6215457620759997,0.6049090909090908
1,0.6809821766354658,0.8320000000000001
0,0.5509518898577785,0.621
0,0.22613369366444316,0.16700000000000004
1,0.40876817365858376,0.2993571428571428
0,0.35959178008915366,0.30416666666666664
0,0.41441230935237333,0.3895354678001736
0,0.2616284905839457,0.11333333333333333
0,0.22874663462177297,0.20833333333333337
0,0.2819935816073891,0.14
0,0.34782245643518617,0.305
0,0.1849978608223272,0.09333333333333332
1,0.5271078893367136,0.5695238095238095
0,0.6029339885848637,0.6730000000000002
0,0.2776719728428928,0.24999999999999997
1,0.5018038401329115,0.49652380952380953
1,0.6537617061518479,0.9109999999999999
1,0.5895024004490599,0.6717380952380952
1,0.6637023526014664,0.7583333333333334
0,0.5100555865752563,0.48333333333333334
0,0.41886041404802743,0.4426111111111111
1,0.517948913568359,0.5187857142857143
1,0.5176215632772939,0.4872857142857143
1,0.6495526533494568,0.7641825396825398
1,0.6817259091138227,0.7509999999999999
1,0.4964718325368114,0.5003809523809525
1,0.5959226780958814,0.6903333333333334
1,0.45709657097237294,0.4599999999999999
0,0.49566608932110423,0.39852380952380956
1,0.3616521182234508,0.43133333333333335
1,0.5452929413915873,0.596
1,0.39738497179199184,0.36248717948717946
1,0.35803374586471476,0.26480952380952383
1,0.7174832977141018,0.6962857142857143
0,0.4880752914506463,0.5720000000000001
1,0.3869980530911729,0.3533571428571428
0,0.7081980259936211,0.8286666666666666
0,0.577020233227025,0.5164285714285715
1,0.6481076579429387,0.799
0,0.4218156903251213,0.2951190476190476
0,0.5104541894397222,0.48628138528138537
0,0.4784313546058876,0.4316666666666667
1,0.5172446599266567,0.4508888888888889
0,0.47230323546408143,0.37433333333333335
0,0.5394387999619011,0.6106666666666666
0,0.3526797465957645,0.3648333333333334
1,0.4752114254702208,0.5096666666666667
0,0.3110699291448559,0.1830238095238095
0,0.4529454998639726,0.3436666666666667
1,0.5358026677866935,0.49
1,0.5531846264416682,0.5794285714285715
1,0.41457970161368174,0.49599999999999994
1,0.7085146758319697,0.762
0,0.45507527982936713,0.46723076923076917
1,0.7081187440964467,0.84
0,0.44619574954401686,0.40583333333333327
1,0.6338409085054385,0.7939047619047619
0,0.4988025175064206,0.4587936507936508
0,0.47020433971601083,0.4799047619047618
0,0.5176215632772939,0.4872857142857143
0,0.5390150483289438,0.44840476190476186
0,0.4901177061337736,0.5652142857142857
0,0.37743287982488316,0.2813333333333333
1,0.752392215063351,0.8383333333333333
1,0.7376807010860955,0.7485238095238096
0,0.44021698922200436,0.48361111111111116
1,0.3602639194076615,0.3543333333333332
1,0.43351697471570416,0.41028571428571425
0,0.7227385844873953,0.8251666666666666
1,0.32770630089674146,0.2863809523809524
1,0.55497224675476,0.47166666666666673
1,0.8088819805887077,0.812142857142857
1,0.5233324298651049,0.5543333333333333
1,0.579777174907149,0.6911111111111111
0,0.48877596646131083,0.40223809523809523
1,0.42475026249679804,0.4246825396825396
1,0.45709657097237294,0.4599999999999999
0,0.47956408414371904,0.45362770562770566
0,0.2480223362982007,0.21944444444444444
0,0.6495526533494568,0.7641825396825398
0,0.41441230935237333,0.3895354678001736
0,0.3048248563204566,0.22466666666666668
1,0.6677839852522992,0.8127142857142857
0,0.5241110338086818,0.49566666666666664
1,0.4964718325368114,0.5003809523809525
1,0.5972900402746918,0.685
0,0.2385424167402606,0.2663333333333333
0,0.5265469561524988,0.5008333333333332
1,0.7243795843287341,0.8842857142857143
0,0.4932885929161969,0.3993333333333334
0,0.22196974791541776,0.22083333333333333
0,0.7591696124314556,0.8793333333333334
1,0.6361387832899441,0.7993333333333333
0,0.6327106862411206,0.8241111111111111
1,0.45090854288112114,0.491
0,0.6395971718367642,0.7739999999999999
0,0.5047837284478954,0.5190476190476191
1,0.46980623943800426,0.4866666666666667
1,0.5256298216293235,0.4631666666666666
0,0.38642389910862773,0.2633333333333333
0,0.43586759462082775,0.5193333333333333
0,0.6660533611633564,0.7916666666666667
0,0.4844425125959143,0.4455238095238095
0,0.6693460120702313,0.6786666666666668
0,0.702725569157072,0.9333333333333335
0,0.3252569361704286,0.16700000000000004
0,0.3666196036406019,0.282
1,0.6101696115539376,0.49638095238095237
1,0.7135722127492488,0.7144444444444444
0,0.4800250810601974,0.4877777777777778
0,0.6693460120702313,0.6786666666666668
1,0.545133729227768,0.5577142857142856
0,0.5424403228225717,0.5123333333333333
0,0.49327167737030136,0.5363333333333332
0,0.5288594880100425,0.5922447552447552
0,0.45090854288112114,0.491
0,0.5313109050600079,0.4206666666666667
1,0.5424075613002458,0.5256666666666666
0,0.38492412922453056,0.3283333333333333
1,0.6060982992823742,0.508
0,0.5786266836259004,0.6232380952380953
1,0.5683496088671359,0.6333333333333333
0,0.42956997500064925,0.3865
0,0.19343627087220663,0.062
0,0.39118196117826676,0.3231428571428571
1,0.6303836869435404,0.5452380952380953
1,0.49858486926662954,0.4797619047619047
0,0.3933650577289373,0.2956666666666667
1,0.7324795260624068,0.7566666666666667
0,0.11595833333333334,0.1461430452561318
0,0.3613460317460317,0.3389098443645377
1,0.5095301587301587,0.49485881079808874
0,0.20365,0.2837555342919895
0,0.05457142857142857,0.12228980908872637
0,0.4114710317460317,0.3922007380754628
1,0.6554484126984131,0.6392333495149966
1,0.5526166666666668,0.5428022950905306
1,0.29319032634032627,0.29405741461191953
0,0.008400000000000001,0.04862673856946625
0,0.2238642857142857,0.2872280919398568
0,0.37112380952380947,0.36045404904270406
0,0.06966666666666665,0.16567582020476687
0,0.43434545454545465,0.4577890568037629
1,0.5519898046398046,0.5450439748802433
0,0.3509345238095239,0.3324530249092297
0,0.05616666666666666,0.12327284269722147
0,0.4447538461538462,0.4520127167677185
0,0.366570634920635,0.3698312482988307
1,0.5753419799498746,0.5853758470330834
1,0.8479418300653594,0.7907767664464648
1,0.650972619047619,0.6407941183042963
1,0.5340607142857143,0.5637550036326617
1,0.8205583333333333,0.7493663350888136
1,0.48385,0.46434699285889747
1,0.8435507936507938,0.7658655181292556
1,0.3753722431077695,0.3711197941185138
1,0.46628088753351915,0.5076274213113268
1,0.25790555555555555,0.24204603779603528
0,0.4939594322344321,0.5020548911013308
0,0.008400000000000001,0.04862673856946625
0,0.5029214285714286,0.5073687817563882
0,0.3606763178932806,0.34826271053240376
1,0.5638893772893772,0.5647581199683068
0,0.3664682539682535,0.3776613744356777
1,0.42557398777692884,0.44852726046743097
0,0.0511,0.09914753218352737
1,0.095,0.20837736332295154
1,0.9278833333333333,0.84149292548267
0,0.18371428571428575,0.26486932405399904
0,0.4711904761904762,0.47351726702520025
0,0.5075367077367077,0.5329487355471384
1,0.4051166666666667,0.46646004431691174
0,0.17952857142857143,0.24631641193773543
1,0.18226666666666666,0.25029510491817614
0,0.4377021645021646,0.4285906505390246
1,0.5214274509803921,0.5166150540245039
1,0.8347214285714285,0.773407709896152
1,0.4543916666666665,0.47095844015197974
1,0.39099507020757024,0.41049326086017274
0,0.48175233426704017,0.4839135065656736
0,0.4343380952380952,0.43063715485654125
0,0.14648333333333333,0.2010982573286649
0,0.4625321428571429,0.46654663216147224
1,0.8415726190476189,0.7641455231824157
1,0.9160032051282051,0.891672237225041
1,0.9353333333333333,0.9179814043994667
0,0.4676831932773109,0.47176647275358163
0,0.544157142857143,0.5410811633198246
1,0.5265083333333335,0.4746094304044771
1,0.31669166666666665,0.29059856147147606
0,0.15982696078431372,0.22883613083417595
1,0.3424462406015037,0.3794713118230615
1,0.4676831932773109,0.47176647275358163
1,0.5593452380952381,0.514715264116122
0,0.05616666666666666,0.12327284269722147
1,0.8390500000000001,0.7629489512723258
0,0.5062344696969696,0.4886421442633694
0,0.15766666666666668,0.22009568580885197
1,0.46672126623376625,0.4820583855869049
0,0.4701099206349206,0.4771729618047292
0,0.42950893812070284,0.4318991623936964
0,0.4051787878787878,0.4314239750958735
1,0.7824155462184873,0.6900492637838074
0,0.4207926406926407,0.4351839710995641
1,0.22211190476190482,0.3606079970527011
1,0.1678976190476191,0.2518425974666477
1,0.9214464285714286,0.9056368426851242
0,0.5091050144300144,0.5201094739453874
1,0.4273240740740741,0.44063148823810916
1,0.5015257936507937,0.4785702102893665
1,0.7803238095238096,0.6962869416788919
0,0.3320054112554112,0.3402541097304774
0,0.5414737345987345,0.5492857662332512
1,0.8142083333333334,0.7376669093402732
1,0.8589666666666667,0.7883684077710336
1,0.5867728715728716,0.5796852758953439
0,0.16338333333333332,0.22160098246761398
0,0.4932432539682541,0.4782017724286131
1,0.4774256018491313,0.45119469620029934
0,0.41241153846153855,0.39792146246426435
0,0.22544999999999998,0.316695638408719
1,0.5622488095238095,0.5785870949001707
1,0.5499181818181819,0.5496380966884609
0,0.44071190476190475,0.4249404386892777
0,0.7107185064935064,0.6736180785717548
1,0.4415,0.44631822459511133
0,0.18275,0.2650127649450971
1,0.6276642857142858,0.6020336198608605
0,0.3499055555555555,0.33851473402229515
1,0.47457261904761894,0.47334490660169376
0,0.49965048840048837,0.522382986738024
0,0.5595918192918191,0.555504232085065
0,0.41208037093625316,0.4276060558722322
1,0.2133642857142857,0.3184990641711229
0,0.6922652831172954,0.6944989940614941
0,0.4467785714285714,0.46587361754794643
0,0.6461547619047618,0.6222303262399095
0,0.4939594322344321,0.5020548911013308
1,0.31669166666666665,0.29059856147147606
0,0.1526030303030303,0.22255091924399506
1,0.8928976190476191,0.8635780898695696
1,0.7756214285714287,0.671574186370793
0,0.48175233426704017,0.4839135065656736
0,0.49708333333333327,0.5133302764664938
0,0.3234813492063491,0.34320279776811313
0,0.48034361471861475,0.465438343920276
1,0.8108833333333333,0.7519494268271524
1,0.3296349310776942,0.3359238808260384
1,0.8073916666666667,0.7381228240554234
1,0.8122142857142858,0.7273370235721571
1,0.6104051587301588,0.6079878734968669
0,0.38510595238095235,0.3703377301497563
0,0.40719805194805203,0.41306107708081363
1,0.8843738095238094,0.8263230514472796
0,0.33729285714285706,0.3195627132766109
1,0.8314035714285715,0.7247817882162871
0,0.4408923076923078,0.4332844569646038
0,0.4265547619047619,0.4256825688991022
1,0.8169285714285713,0.7799096029506987
0,0.3614984848484849,0.35000744796449174
0,0.2993743697478991,0.2886760964444467
0,0.02016666666666667,0.07916498941705544
1,0.8133607142857142,0.7747870192126926
0,0.6732483960483959,0.8824442104950457
0,0.5144985985029463,0.5192192705722045
0,0.5107256493506493,0.4878271078921861
0,0.1206420634920635,0.17348655588207282
0,0.5166396825396825,0.5216258566537243
1,0.06491666666666668,0.12512563086109466
1,0.8082964285714285,0.7342803709040776
1,0.3752952380952381,0.3865305328533805
0,0.056015151515151525,0.0909565182023715
0,0.04175,0.08151021732975484
0,0.40719805194805203,0.41306107708081363
0,0.3320054112554112,0.3402541097304774
0,0.43677296918767505,0.4456623474025361
0,0.47358256327006326,0.4759387504989305
1,0.5374091374269006,0.5419757071145226
0,0.5425261904761904,0.5236334718042539
1,0.8289563492063491,0.7635379688895555
1,0.529882913165266,0.5532771445272995
1,0.7964454545454545,0.7129706598956597
1,0.542125,0.5921032260029111
0,0.5988698412698412,0.575142060222314
1,0.5571365896358544,0.5420743818995811
1,0.05616666666666666,0.12327284269722147
0,0.5323103896103896,0.5280796329691552
0,0.5111700916730328,0.5181167751581065
1,0.8693666666666668,0.800383436195315
1,0.4380515037593984,0.397209325760748
1,0.6055750000000002,0.5838974038871064
0,0.02016666666666667,0.07916498941705544
1,0.3762420634920635,0.3670987419119984
0,0.3758388888888889,0.3743187889035265
0,0.5848333333333335,0.6094514161360841
0,0.5414737345987345,0.5492857662332512
1,0.4973369047619047,0.5251105516096978
1,0.4963619047619046,0.4835401618806033
1,0.8437666666666667,0.7858955688717608
1,0.28616098901098896,0.29085401843168873
0,0.13951666666666668,0.18697835150646233
0,0.6104769841269841,0.6000610869967138
0,0.82835,0.7582711668449983
1,0.33799285714285715,0.3097668156970634
0,0.3606763178932806,0.34826271053240376
1,0.4132285714285714,0.3990390890545828
1,0.3234813492063491,0.34320279776811313
0,0.22429166666666667,0.3174856822880914
1,0.7784310948310946,0.7184081379984003
0,0.49558809523809527,0.5031606517020987
0,0.3827615384615385,0.38515151129213987
0,0.37112380952380947,0.36045404904270406
1,0.841997619047619,0.7596717882650542
0,0.448512727283896,0.4863868352800571
1,0.36111547619047624,0.36400674905640173
0,0.15766666666666668,0.22009568580885197
0,0.5103023809523809,0.5395879976232917
1,0.5029833333333332,0.5256209667126391
1,0.8367749999999999,0.7765319598411883
0,0.820645238095238,0.7409309450902285
1,0.8053285714285715,0.7766843694988459
0,0.49708333333333327,0.5133302764664938
1,0.7107185064935064,0.6736180785717548
1,0.8063671717171716,0.7471228923870094
0,0.4217687423687424,0.4256090018670431
0,0.02016666666666667,0.07916498941705544
0,0.4854523809523809,0.45071159897528934
1,0.5782166666666667,0.579671845700368
1,0.6073396825396826,0.6044833222333226
0,0.20476666666666668,0.26522166716137774
0,0.22544999999999998,0.316695638408719
0,0.1556777777777778,0.2072099177409496
0,0.1351668067226891,0.18354975091807382
1,0.8649315476190476,0.8340964019003473
1,0.41688311403508765,0.4273055988493974
1,0.8084000000000001,0.7316920517744003
0,0.49736405228758174,0.523910726581246
1,0.5042119047619046,0.5091393716037205
0,0.4249605311355312,0.41290926428662506
1,0.8791083333333334,0.8164135659540415
1,0.3606763178932806,0.34826271053240376
1,0.8229198412698412,0.7634601973387393
0,0.485390675990676,0.5036010559959477
1,0.7605512605042016,0.6847038809888661
1,0.1678976190476191,0.2518425974666477
1,0.4843036796536796,0.4835553215757528
0,0.19366666666666668,0.24615390301379012
0,0.8164166666666667,0.7219687289296383
1,0.36141902607196724,0.38480590057295777
1,0.5101126623376623,0.5179457590397214
0,0.05333333333333334,0.11694196589710519
1,0.7791666666666667,0.7108780025751501
1,0.8390944444444445,0.7856051737935578
1,0.393875,0.3913132189920624
1,0.6251869047619045,0.5994416322601258
0,0.33244999999999986,0.3318159873834861
0,0.7045880952380952,0.6622412263235744
0,0.15787827206906155,0.20930371819410074
0,0.4209851190476191,0.4273081454826655
0,0.06558333333333334,0.09686771551281867
1,0.782661616161616,0.7258331671118236
0,0.4952166666666668,0.4741042784667758
0,0.42288571428571436,0.4370498405558647
1,0.8130258741258742,0.7580861125258375
0,0.4494292131844763,0.45819482315070564
1,0.7605666666666666,0.6781791731134756
0,0.1425229055258467,0.19947338890006275
1,0.7858452380952382,0.7256229288083778
0,0.48634676434676444,0.522039295071258
1,0.5925861111111111,0.5813602462295181
1,0.06151904761904762,0.1035131674479773
1,0.18184621212121213,0.25988212800250815
0,0.23584404761904762,0.2668238128509708
1,0.2133642857142857,0.3184990641711229
1,0.7685681818181819,0.746960223069927
0,0.17647500000000002,0.24167937263544848
0,0.4217999999999999,0.4183973805542655
1,0.056015151515151525,0.0909565182023715
1,0.2133642857142857,0.3184990641711229
1,0.630806043956044,0.6221867423274889
1,0.3449535714285711,0.37615207063808254
1,0.8776059523809523,0.8008716452064772
0,0.4800047619047619,0.48357725255081646
1,0.4245205882352941,0.42472861138064155
1,0.3962363636363637,0.3842803551334569
0,0.1388,0.22324580186104007
0,0.5418380952380953,0.5419866335141532
0,0.3957428571428571,0.3987871581965682
0,0.4730158012277579,0.4803513077278116
1,0.5224488095238093,0.5577995311002876
0,0.5561758241758241,0.5723791917082742
0,0.5605792633292633,0.5448118389275304
1,0.8094333333333332,0.7140956389583512
1,0.7440999999999999,0.7195858430480322
1,0.8253416666666665,0.7667594954875533
0,0.12747777777777777,0.17348343768844987
0,0.3762916666666667,0.37631705697173196
0,0.062299999999999994,0.1429959939662631
0,0.42888068181818195,0.41465813016541847
1,0.7527705128205129,0.6606481278353571
0,0.2802350649350649,0.2721203741254767
1,0.554797619047619,0.5750993325141068
0,0.44875238095238096,0.44286314284984335
0,0.9518333333333332,0.9149544271826294
1,0.516428787878788,0.5280404117367291
1,0.6104051587301588,0.6079878734968669
1,0.5147404761904762,0.515207312664975
1,0.5571365896358544,0.5420743818995811
1,0.630806043956044,0.6221867423274889
0,0.19184786414565827,0.272471255693126
1,0.2133642857142857,0.3184990641711229
1,0.160427694235589,0.2131093687933943
1,0.8022073260073248,0.7536507107400678
1,0.8057880952380951,0.7438902130145165
0,0.659729761904762,0.6565348025017484
1,0.5489038515406164,0.5503766215678039
1,0.5491773809523811,0.5634455585871936
0,0.6732483960483959,0.8824442104950457
0,0.4336500000000001,0.43463456300116177
0,0.5316499722499723,0.5191173076730335
1,0.6336422861452272,0.5897457378372627
1,0.4662583333333334,0.48129086312731273
0,0.5361321428571427,0.5576375773744023
1,0.7622833333333334,0.7488039547452454
1,0.8044148809523809,0.7281592020721896
0,0.19125992063492064,0.276915139266274
0,0.35216666666666663,0.3704739561247929
0,0.42888068181818195,0.41465813016541847
1,0.3928960317460317,0.4122899417612286
1,0.22211190476190482,0.3606079970527011
1,0.3762420634920635,0.3670987419119984
0,0.47053476254138027,0.41282609980645885
1,0.8855345238095239,0.8206552614382866
0,0.4676831932773109,0.47176647275358163
1,0.5603064935064935,0.5405814270212876
0,0.32686153846153837,0.35208150760439166
1,0.4621166666666666,0.45396737031675327
0,0.17812047682709448,0.2250927931922276
1,0.8650208333333332,0.822470069962716
0,0.2470047619047619,0.25229178178828404
0,0.39613293650793646,0.40537009151345105
1,0.49795616883116856,0.4997637213512174
1,0.095,0.20837736332295154
0,0.366570634920635,0.3698312482988307
0,0.38510595238095235,0.3703377301497563
0,0.4790099206349204,0.5083318593315209
1,0.8767321428571428,0.8439020356853544
0,0.22435577200577198,0.30999573520304946
0,0.190675,0.28366232757692716
1,0.8350686813186813,0.7901434061871785
1,0.5289309523809524,0.5155868699001328
1,0.47942589763178006,0.48915433396695407
1,0.5629506327006327,0.5661326358477331
1,0.45922261904761885,0.4504517413951298
1,0.7989499999999999,0.7390775562902033
1,0.8109630952380952,0.7515565237049049
1,0.4621166666666666,0.45396737031675327
0,0.4447538461538462,0.4520127167677185
0,0.6656140621160747,0.6416874921826143
0,0.35232499999999956,0.39245638324094184
1,0.4456823412698414,0.447635587367323
1,0.8491209776334776,0.7700341976010335
0,0.22767948717948716,0.2977120657120657
1,0.7967166666666667,0.7048407765379724
1,0.18805813492063492,0.22264645498716723
1,0.3184166666666667,0.350303499176905
0,0.24691666666666662,0.223714740268199
1,0.43596070487483524,0.4305450260371087
0,0.4659208131737544,0.46534000735769787
0,0.1657885964912281,0.25539363495981143
1,0.5867728715728716,0.5796852758953439
1,0.355740231990232,0.3684439790751229
0,0.5988698412698412,0.575142060222314
0,0.4240777930402931,0.43693248483542624
0,0.4676831932773109,0.47176647275358163
0,0.4892843837535015,0.49320883860905623
1,0.45138333333333325,0.41881483146691173
1,0.8166833333333334,0.7387632671547424
0,0.597104761904762,0.5742148589296779
1,0.8353095238095237,0.757454422619864
0,0.49909560439560435,0.49008849538938337
1,0.5063571428571428,0.5023965645561912
1,0.06676666666666668,0.13997680403211132
0,0.2094154761904762,0.2939086183661422
1,0.5782166666666667,0.579671845700368
0,0.8775,0.7119508087736035
0,0.19448290598290602,0.25431227915786736
0,0.47168081232493014,0.4969052298796279
0,0.31255,0.29817729580214175
1,0.13957499999999998,0.19794101830838845
1,0.7493095238095239,0.7211650350396218
0,0.4172660714285715,0.3934882781058198
0,0.42238928571428574,0.448422789557238
1,0.5593452380952381,0.514715264116122
0,0.6412289682539687,0.6250606824430399
