Query_ID	Target_ID	Optimal_offset	p-value	E-value	q-value	Overlap	Query_consensus	Target_consensus	Orientation
motif7	M227_0.6	-1	0.000502288	0.0492242	0.0492242	7	GCUUCUCUC	CUUUUCU	+
motif15	M188_0.6	0	0.000222625	0.0218173	0.0189497	8	UCUUCCCU	CUUUCCCU	+
motif15	M043_0.6	0	0.000386728	0.0378994	0.0189497	7	UCUUCCCU	CCUUCCC	+
motif25	M188_0.6	1	0.000314276	0.0307991	0.0232658	7	CUUCCCUC	CUUUCCCU	+
motif25	M043_0.6	1	0.000474812	0.0465316	0.0232658	6	CUUCCCUC	CCUUCCC	+
motif34	M188_0.6	1	0.000659507	0.0646316	0.0646316	7	UCUCCCUC	CUUUCCCU	+
motif40	M037_0.6	0	5.41152e-05	0.00530329	0.00530329	7	UGCUUGCU	AGCUUGC	+
motif55	M227_0.6	-1	5.96631e-05	0.00584698	0.00508885	7	CCCUUUCU	CUUUUCU	+
motif55	M228_0.6	-1	0.000103854	0.0101777	0.00508885	7	CCCUUUCU	ACUUUCU	+
motif81	M043_0.6	0	1.81048e-05	0.00177427	0.00177427	7	CCUCCCCG	CCUUCCC	+
motif91	M227_0.6	-1	0.000320915	0.0314497	0.0184796	7	CCUUCUCU	CUUUUCU	+
motif91	M188_0.6	0	0.000489883	0.0480085	0.0184796	8	CCUUCUCU	CUUUCCCU	+
motif91	M043_0.6	0	0.000565702	0.0554388	0.0184796	7	CCUUCUCU	CCUUCCC	+
motif109	M111_0.6	0	9.00703e-05	0.00882689	0.00524968	7	ACCAUCA	AACAUCA	+
motif109	M081_0.6	0	0.000107136	0.0104994	0.00524968	7	ACCAUCA	AACAUCA	+
motif113	M075_0.6	0	9.72177e-05	0.00952733	0.0032715	7	UUUUUUU	UUUUUUG	+
motif113	M150_0.6	0	0.000128167	0.0125604	0.0032715	7	UUUUUUU	UUUUUUG	+
motif113	M149_0.6	0	0.000135475	0.0132766	0.0032715	7	UUUUUUU	CUUUUUU	+
motif113	M158_0.6	0	0.000155728	0.0152613	0.0032715	7	UUUUUUU	AUUUUUU	+
motif113	M077_0.6	0	0.000166913	0.0163575	0.0032715	7	UUUUUUU	UUUUUUC	+
motif113	M328_0.6	4	0.000258929	0.0253751	0.00374159	7	UUUUUUU	AUCCUUUUUUUUCG	+
motif113	M025_0.6	0	0.000267257	0.0261911	0.00374159	7	UUUUUUU	AUUUUUU	+
motif113	M012_0.6	0	0.00055669	0.0545556	0.00681945	7	UUUUUUU	CUUUUUU	+
motif118	M228_0.6	1	0.000223293	0.0218827	0.0218827	6	CUUUCUC	ACUUUCU	+
motif118	M188_0.6	0	0.000482236	0.0472591	0.0236295	7	CUUUCUC	CUUUCCCU	+
motif123	M188_0.6	1	0.000509938	0.0499739	0.0499739	7	UUUCUCU	CUUUCCCU	+
motif128	M227_0.6	0	0.00076566	0.0750347	0.0584071	7	CCUCUCU	CUUUUCU	+
motif136	M188_0.6	1	0.000116763	0.0114427	0.0114427	7	UAUCCCU	CUUUCCCU	+
motif164	M228_0.6	0	0.000523966	0.0513487	0.0513487	7	ACUGUCU	ACUUUCU	+
motif165	M227_0.6	0	0.000479605	0.0470013	0.0470013	7	CUUUGCU	CUUUUCU	+
motif170	M228_0.6	0	0.000259718	0.0254524	0.0254524	7	ACUCUCU	ACUUUCU	+
motif179	M177_0.6	0	0.000353968	0.0346888	0.019776	7	CCUCUCC	CCUUUCC	+
motif179	M043_0.6	0	0.000403592	0.039552	0.019776	7	CCUCUCC	CCUUCCC	+
motif197	M227_0.6	0	0.000414234	0.040595	0.040595	7	CUUGUCU	CUUUUCU	+
motif199	M188_0.6	1	7.68493e-05	0.00753123	0.00753123	7	UUUUCCU	CUUUCCCU	+
motif210	M188_0.6	1	7.96003e-06	0.000780083	0.000780083	7	UUUCCCU	CUUUCCCU	+
motif219	M155_0.6	0	0.001008	0.0987835	0.0987835	7	UGUUGUU	UGUUCGU	+
motif224	M149_0.6	0	7.55539e-05	0.00740429	0.00740429	7	CUCUUUU	CUUUUUU	+
motif224	M012_0.6	0	0.000249239	0.0244254	0.0122127	7	CUCUUUU	CUUUUUU	+
motif232	M227_0.6	0	0.000193225	0.0189361	0.0189361	7	CUCUUCU	CUUUUCU	+
motif234	M228_0.6	0	0.000523966	0.0513487	0.0513487	7	ACUUGCU	ACUUUCU	+
motif259	M328_0.6	0	0.000344634	0.0337741	0.0337741	7	CUCCUUU	AUCCUUUUUUUUCG	+
motif264	M036_0.6	0	0.000820873	0.0804456	0.0804456	7	ACUCUUG	AAUCUUG	+
motif271	M157_0.6	0	0.000697741	0.0683786	0.0435007	7	UGUCUGU	UGUGUGU	+
motif271	M004_0.6	0	0.000887769	0.0870014	0.0435007	7	UGUCUGU	UGUGUGU	+
motif278	M077_0.6	0	0.000686741	0.0673006	0.0673006	7	UUUCUCC	UUUUUUC	+
motif280	M121_0.6	0	0.000729483	0.0714893	0.0714893	7	AUCCUCG	AUCAACG	+
motif294	M043_0.6	0	0.000401095	0.0393073	0.0393073	7	CCUCCCU	CCUUCCC	+
motif297	M043_0.6	1	0.000522326	0.0511879	0.0511879	6	CUCCCCA	CCUUCCC	+
motif301	M149_0.6	0	7.55539e-05	0.00740429	0.00740429	7	CUUCUUU	CUUUUUU	+
motif301	M012_0.6	0	0.000327426	0.0320878	0.0160439	7	CUUCUUU	CUUUUUU	+
motif303	M043_0.6	-1	0.000491068	0.0481247	0.0481247	6	GCCCUCC	CCUUCCC	+
motif304	M228_0.6	0	0.000592862	0.0581005	0.0581005	7	GCUUUCU	ACUUUCU	+
motif313	M155_0.6	0	0.00070954	0.0695349	0.0695349	7	UGUUCCU	UGUUCGU	+
motif321	M168_0.6	0	0.00085064	0.0833627	0.0833627	7	GUGGUUU	GUAGUGU	+
motif324	M043_0.6	-1	0.00045833	0.0449163	0.0449163	6	GCCUCCC	CCUUCCC	+
motif333	M188_0.6	0	0.00024442	0.0239532	0.0178998	7	CUCUCCC	CUUUCCCU	+
motif333	M043_0.6	0	0.000365302	0.0357996	0.0178998	7	CUCUCCC	CCUUCCC	+
motif338	M177_0.6	0	0.000482722	0.0473068	0.0321095	7	CCCUACC	CCUUUCC	+
motif338	M043_0.6	0	0.000655296	0.064219	0.0321095	7	CCCUACC	CCUUCCC	+
motif344	M227_0.6	0	7.26588e-05	0.00712056	0.00712056	7	CUUUCCU	CUUUUCU	+
motif344	M188_0.6	0	0.000474467	0.0464977	0.0232489	7	CUUUCCU	CUUUCCCU	+
motif344	M177_0.6	1	0.00073421	0.0719526	0.0239842	6	CUUUCCU	CCUUUCC	+
motif348	M121_0.6	0	0.000991792	0.0971956	0.0971956	7	UUCAUCG	AUCAACG	+
motif349	M043_0.6	1	0.000459735	0.045054	0.045054	6	CUCCCCU	CCUUCCC	+
motif371	M149_0.6	0	0.000168806	0.016543	0.016543	7	CUGUUUU	CUUUUUU	+
motif371	M012_0.6	0	0.000852767	0.0835711	0.0417856	7	CUGUUUU	CUUUUUU	+
motif375	M036_0.6	0	0.000760652	0.0745438	0.0745438	7	CCUCUUG	AAUCUUG	+
motif378	M043_0.6	0	0.000478073	0.0468512	0.0468512	7	CCUCCUC	CCUUCCC	+
motif386	M228_0.6	0	0.000259718	0.0254524	0.0254524	7	ACUUCCU	ACUUUCU	+
motif397	M069_0.6	0	0.000401048	0.0393027	0.0345487	7	UUGCUCA	UUGCACA	+
motif397	M136_0.6	1	0.000705075	0.0690973	0.0345487	7	UUGCUCA	AUUGCACA	+
motif398	M043_0.6	0	0.000429057	0.0420476	0.0420476	7	CCCUCCU	CCUUCCC	+
motif409	M188_0.6	1	0.000261353	0.0256126	0.0256126	7	UUCCCCU	CUUUCCCU	+
motif424	M043_0.6	0	0.000215894	0.0211576	0.0211576	7	CCUUCCU	CCUUCCC	+
motif424	M227_0.6	0	0.000640015	0.0627215	0.0313608	7	CCUUCCU	CUUUUCU	+
motif437	M073_0.6	0	0.000690488	0.0676678	0.0676678	7	UGAUACU	CGAUACU	+
motif441	M049_0.6	0	0.000159424	0.0156235	0.0156235	7	GUGUGUU	GUGUGUG	+
motif441	M157_0.6	1	0.000707581	0.0693429	0.0320476	6	GUGUGUU	UGUGUGU	+
motif441	M004_0.6	1	0.000981049	0.0961428	0.0320476	6	GUGUGUU	UGUGUGU	+
motif465	M043_0.6	0	0.000513865	0.0503588	0.0503588	7	CCCUCUC	CCUUCCC	+
motif542	M043_0.6	-1	0.00047663	0.0467098	0.0467098	6	UCCCUCC	CCUUCCC	+
motif571	M083_0.6	0	0.000446019	0.0437098	0.0437098	7	GCAGCUC	GCAGCGC	+
motif578	M077_0.6	0	0.000686741	0.0673006	0.0673006	7	UUCUUCC	UUUUUUC	+
motif590	M043_0.6	-1	0.000209204	0.020502	0.0149329	6	CCCUUCC	CCUUCCC	+
motif590	M177_0.6	0	0.000304753	0.0298658	0.0149329	7	CCCUUCC	CCUUUCC	+
motif600	M228_0.6	0	0.000400742	0.0392728	0.0392728	7	ACUUACU	ACUUUCU	+
motif607	M043_0.6	0	0.000401095	0.0393073	0.0393073	7	UCUCCCC	CCUUCCC	+
motif627	M177_0.6	0	0.000570832	0.0559416	0.0299366	7	CCUCACC	CCUUUCC	+
motif627	M043_0.6	0	0.000610952	0.0598732	0.0299366	7	CCUCACC	CCUUCCC	+
motif640	M177_0.6	-1	0.000911919	0.0893681	0.0893681	6	CCCUUAC	CCUUUCC	+
motif650	M188_0.6	0	0.000183111	0.0179449	0.0179449	7	AUUUCCC	CUUUCCCU	+
motif651	M188_0.6	-1	0.000491681	0.0481848	0.0372719	6	GCUUUCC	CUUUCCCU	+
motif651	M177_0.6	0	0.000760652	0.0745438	0.0372719	7	GCUUUCC	CCUUUCC	+
motif654	M043_0.6	-1	0.000369228	0.0361843	0.0361843	6	CCCCUCC	CCUUCCC	+
motif658	M043_0.6	1	0.000219937	0.0215539	0.0119766	6	CUUCCCC	CCUUCCC	+
motif658	M188_0.6	0	0.00024442	0.0239532	0.0119766	7	CUUCCCC	CUUUCCCU	+
motif670	M188_0.6	0	5.7375e-05	0.00562275	0.00303885	7	CUUUUCC	CUUUCCCU	+
motif670	M227_0.6	0	6.20174e-05	0.0060777	0.00303885	7	CUUUUCC	CUUUUCU	+
motif670	M077_0.6	0	0.000648358	0.0635391	0.0194312	7	CUUUUCC	UUUUUUC	+
motif670	M177_0.6	0	0.00079311	0.0777248	0.0194312	7	CUUUUCC	CCUUUCC	+
motif671	M043_0.6	1	0.000355339	0.0348233	0.0348233	6	CUCCCCC	CCUUCCC	+
motif684	M159_0.6	0	0.000458906	0.0449728	0.0216147	7	UGCCUGC	UGCAUGC	+
motif684	M037_0.6	0	0.000642323	0.0629476	0.0216147	7	UGCCUGC	AGCUUGC	+
motif684	M231_0.6	0	0.000661674	0.064844	0.0216147	7	UGCCUGC	AGCAUGC	+
motif704	M026_0.6	0	0.000252433	0.0247384	0.0247384	7	CCACCCC	CCAACCC	+
motif704	M043_0.6	0	0.000528935	0.0518356	0.0259178	7	CCACCCC	CCUUCCC	+
motif719	M074_0.6	0	0.000300813	0.0294797	0.0294797	7	AGAAUGA	UGAAUGAG	+
motif721	M307_0.6	-2	0.000959291	0.0940105	0.0940105	5	AGAGGGA	AGGGA	+
motif744	M242_0.6	0	9.53233e-05	0.00934168	0.00934168	7	CCAAAUC	CCAAAUU	+
motif749	M246_0.6	-2	0.000900651	0.0882638	0.0882638	5	GUCUCAA	CUCAA	+
motif750	M246_0.6	-2	0.000905546	0.0887436	0.0887436	5	AUCUCAA	CUCAA	+

# Tomtom (Motif Comparison Tool): Version 5.4.1 compiled on Feb 24 2022 at 15:26:22
# The format of this file is described at https://meme-suite.org/meme/doc/tomtom-output-format.html.
# tomtom -no-ssc -oc . -verbosity 1 -min-overlap 5 -dist pearson -evalue -thresh 0.1 -norc -o ./Motif_Comparison_Output/homo_EV_tomtom ./Motif_Comparison_Output/EV_motif_consensus_seq_rna.meme ./motif_databases/CISBP-RNA/Homo_sapiens.meme
