CPEB2	motif50	M012_0.6	0	0.00055669	0.0545556	0.00681945	7	UUUUUUU	CUUUUUU	+
FMR1	motif44	M016_0.6	0	0.00100816	0.0987997	0.0987997	7	GGCCAAG	GGACAAG	+
HNRNPC	motif50	M025_0.6	0	0.000267257	0.0261911	0.00374159	7	UUUUUUU	AUUUUUU	+
(RBM38)_(Mus_musculus)_(RBD_0.99)	motif15	M049_0.6	0	5.0064e-05	0.00490627	0.00490627	7	GUGUGUGC	GUGUGUG	+
RBM4	motif64	M050_0.6	0	0.000510892	0.0500674	0.0382299	7	GUGCGGG	GCGCGGG	+
RBM41	motif42	M051_0.6	0	0.000104405	0.0102317	0.0102317	7	UUACUUU	AUACAUU	+
RBM8A	motif26	M054_0.6	0	0.00101685	0.0996514	0.0688674	7	GUGCGCC	GCGCGCG	+
SAMD4A	motif121	M061_0.6	1	0.000783831	0.0768155	0.0768155	6	CUGGCCA	GCUGGAC	+
SNRPA	motif4	M069_0.6	0	0.000818123	0.080176	0.080176	7	UUUCACAC	UUGCACA	+
TIA1	motif50	M075_0.6	0	9.72177e-05	0.00952733	0.0032715	7	UUUUUUU	UUUUUUG	+
U2AF2	motif50	M077_0.6	0	0.000166913	0.0163575	0.0032715	7	UUUUUUU	UUUUUUC	+
ZC3H10	motif86	M083_0.6	0	0.000406538	0.0398407	0.0398407	7	GCUGCGC	GCAGCGC	+
RBM4B	motif64	M109_0.6	0	0.000780202	0.0764598	0.0382299	7	GUGCGGG	GCGCGGG	+
ENOX1	motif93	M140_0.6	0	0.000819336	0.080295	0.080295	7	CAGCCAG	CAGACAG	+
CPEB4	motif50	M149_0.6	0	0.000135475	0.0132766	0.0032715	7	UUUUUUU	CUUUUUU	+
RALY	motif50	M150_0.6	0	0.000128167	0.0125604	0.0032715	7	UUUUUUU	UUUUUUG	+
ZNF638	motif117	M155_0.6	0	8.88239e-05	0.00870474	0.00870474	7	UGUUCUU	UGUUCGU	+
BRUNOL5	motif15	M157_0.6	-1	0.000915822	0.0897505	0.0448753	7	GUGUGUGC	UGUGUGU	+
HNRNPCL1	motif50	M158_0.6	0	0.000155728	0.0152613	0.0032715	7	UUUUUUU	AUUUUUU	+
ACO1	motif130	M256_0.6	0	0.000236247	0.0231522	0.0231522	6	CAGUGCG	CAGUGC	+
ELAVL2	motif50	M328_0.6	4	0.000258929	0.0253751	0.00374159	7	UUUUUUU	AUCCUUUUUUUUCG	+
