motif115	M012_0.6	-3	0.000157412	0.0154264	0.0111081	7	CCGCCUUUUU	CUUUUUU	+
motif81	M016_0.6	-1	0.000266303	0.0260977	0.0260977	7	CGGACAAGAAGG	GGACAAG	+
motif199	M025_0.6	-1	0.000510292	0.0500086	0.00833477	7	GUUUUUUU	AUUUUUU	+
motif591	M026_0.6	0	0.000554282	0.0543196	0.0135799	7	CCUUCCC	CCAACCC	+
motif241	M027_0.6	-1	0.00022527	0.0220765	0.0220765	7	GACACACC	ACACACA	+
motif49	M035_0.6	-3	0.000384354	0.0376667	0.0376667	7	UGACGGAGAAACC	CGGAGAA	+
motif581	M036_0.6	0	0.00101013	0.0989923	0.0989923	7	CAUCUUC	AAUCUUG	+
motif205	M037_0.6	0	3.14668e-05	0.00308375	0.00308375	7	AGCUUGCC	AGCUUGC	+
motif591	M043_0.6	0	4.22429e-06	0.000413981	0.000413981	7	CCUUCCC	CCUUCCC	+
motif862	M044_0.6	0	0.000204255	0.020017	0.020017	7	CCGCGCC	GCGCGCG	+
motif595	M048_0.6	0	0.000348079	0.0341117	0.0341117	7	GAGACGA	GAUACGA	+
motif848	M050_0.6	0	0.000902537	0.0884487	0.0221122	7	GCGCCCG	GCGCGGG	+
motif848	M054_0.6	0	0.000143379	0.0140511	0.0140511	7	GCGCCCG	GCGCGCG	+
motif941	M061_0.6	0	3.13452e-05	0.00307183	0.00307183	7	GCUGGAC	GCUGGAC	+
motif921	M071_0.6	0	0.000276726	0.0271191	0.0135596	7	GACGACA	GACGACGG	+
motif530	M073_0.6	0	0.000292753	0.0286898	0.0286898	7	CGUUACU	CGAUACU	+
motif199	M075_0.6	-1	0.000198353	0.0194386	0.00664403	7	GUUUUUUU	UUUUUUG	+
motif199	M077_0.6	-1	0.000338981	0.0332201	0.00664403	7	GUUUUUUU	UUUUUUC	+
motif402	M081_0.6	1	0.000386696	0.0378962	0.029638	6	ACAUCAU	AACAUCA	+
motif637	M083_0.6	0	0.000446019	0.0437098	0.0437098	7	GCAGCUC	GCAGCGC	+
motif943	M089_0.6	0	0.000733906	0.0719228	0.0719228	7	ACACGAC	ACACAAA	+
motif848	M109_0.6	0	0.000674361	0.0660874	0.0220291	7	GCGCCCG	GCGCGGG	+
motif402	M111_0.6	1	0.000604857	0.0592759	0.029638	6	ACAUCAU	AACAUCA	+
motif469	M121_0.6	1	0.000783835	0.0768158	0.0384079	6	UCAUCGC	AUCAACG	+
motif318	M140_0.6	0	0.000645262	0.0632357	0.0632357	7	CGGACAGC	CAGACAG	+
motif852	M142_0.6	0	0.00101323	0.0992965	0.0992965	7	AACUCAG	AACUAAG	+
motif73	M147_0.6	-2	0.000690924	0.0677106	0.0677106	7	CGGACAGAAAGA	GACAGAU	+
motif747	M148_0.6	0	3.08662e-05	0.00302489	0.00302489	7	AGAAGAC	AGAAGAC	+
motif199	M149_0.6	-1	0.000275893	0.0270375	0.00664403	7	GUUUUUUU	CUUUUUU	+
motif199	M150_0.6	-1	0.000261148	0.0255925	0.00664403	7	GUUUUUUU	UUUUUUG	+
motif794	M155_0.6	0	0.00070954	0.0695349	0.0695349	7	UCUUCGU	UGUUCGU	+
motif199	M158_0.6	-1	0.000316311	0.0309984	0.00664403	7	GUUUUUUU	AUUUUUU	+
motif546	M161_0.6	0	0.000703511	0.0689441	0.0689441	7	ACUCCAG	AAUCCAG	+
motif241	M169_0.6	-1	0.000495892	0.0485974	0.0242987	7	GACACACC	ACACACA	+
motif591	M177_0.6	0	0.000113654	0.0111381	0.00371269	7	CCUUCCC	CCUUUCC	+
motif467	M188_0.6	0	5.7375e-05	0.00562275	0.00303885	7	CUUUUCC	CUUUCCCU	+
motif921	M209_0.6	0	2.85851e-05	0.00280134	0.00280134	7	GACGACA	GACGACA	+
motif467	M227_0.6	0	6.20174e-05	0.0060777	0.00303885	7	CUUUUCC	CUUUUCU	+
motif225	M228_0.6	0	0.000351204	0.034418	0.0270784	7	ACCUUCUC	ACUUUCU	+
motif151	M242_0.6	-2	0.000356314	0.0349187	0.0349187	7	GUCCAAAUC	CCAAAUU	+
motif438	M246_0.6	-1	0.000912517	0.0894267	0.0894267	5	GCUCAAC	CUCAA	+
motif469	M323_0.6	6	0.000423444	0.0414975	0.0384079	7	UCAUCGC	GGAGAGUCAUUCC	+
