motif441	M004_0.6	1	0.000981049	0.0961428	0.0320476	6	GUGUGUU	UGUGUGU	+
motif113	M012_0.6	0	0.00055669	0.0545556	0.00681945	7	UUUUUUU	CUUUUUU	+
motif113	M025_0.6	0	0.000267257	0.0261911	0.00374159	7	UUUUUUU	AUUUUUU	+
motif704	M026_0.6	0	0.000252433	0.0247384	0.0247384	7	CCACCCC	CCAACCC	+
motif375	M036_0.6	0	0.000760652	0.0745438	0.0745438	7	CCUCUUG	AAUCUUG	+
motif40	M037_0.6	0	5.41152e-05	0.00530329	0.00530329	7	UGCUUGCU	AGCUUGC	+
motif81	M043_0.6	0	1.81048e-05	0.00177427	0.00177427	7	CCUCCCCG	CCUUCCC	+
motif441	M049_0.6	0	0.000159424	0.0156235	0.0156235	7	GUGUGUU	GUGUGUG	+
motif397	M069_0.6	0	0.000401048	0.0393027	0.0345487	7	UUGCUCA	UUGCACA	+
motif437	M073_0.6	0	0.000690488	0.0676678	0.0676678	7	UGAUACU	CGAUACU	+
motif719	M074_0.6	0	0.000300813	0.0294797	0.0294797	7	AGAAUGA	UGAAUGAG	+
motif113	M075_0.6	0	9.72177e-05	0.00952733	0.0032715	7	UUUUUUU	UUUUUUG	+
motif113	M077_0.6	0	0.000166913	0.0163575	0.0032715	7	UUUUUUU	UUUUUUC	+
motif109	M081_0.6	0	0.000107136	0.0104994	0.00524968	7	ACCAUCA	AACAUCA	+
motif571	M083_0.6	0	0.000446019	0.0437098	0.0437098	7	GCAGCUC	GCAGCGC	+
motif109	M111_0.6	0	9.00703e-05	0.00882689	0.00524968	7	ACCAUCA	AACAUCA	+
motif280	M121_0.6	0	0.000729483	0.0714893	0.0714893	7	AUCCUCG	AUCAACG	+
motif397	M136_0.6	1	0.000705075	0.0690973	0.0345487	7	UUGCUCA	AUUGCACA	+
motif113	M149_0.6	0	0.000135475	0.0132766	0.0032715	7	UUUUUUU	CUUUUUU	+
motif113	M150_0.6	0	0.000128167	0.0125604	0.0032715	7	UUUUUUU	UUUUUUG	+
motif313	M155_0.6	0	0.00070954	0.0695349	0.0695349	7	UGUUCCU	UGUUCGU	+
motif441	M157_0.6	1	0.000707581	0.0693429	0.0320476	6	GUGUGUU	UGUGUGU	+
motif113	M158_0.6	0	0.000155728	0.0152613	0.0032715	7	UUUUUUU	AUUUUUU	+
motif684	M159_0.6	0	0.000458906	0.0449728	0.0216147	7	UGCCUGC	UGCAUGC	+
motif321	M168_0.6	0	0.00085064	0.0833627	0.0833627	7	GUGGUUU	GUAGUGU	+
motif590	M177_0.6	0	0.000304753	0.0298658	0.0149329	7	CCCUUCC	CCUUUCC	+
motif210	M188_0.6	1	7.96003e-06	0.000780083	0.000780083	7	UUUCCCU	CUUUCCCU	+
motif670	M227_0.6	0	6.20174e-05	0.0060777	0.00303885	7	CUUUUCC	CUUUUCU	+
motif55	M228_0.6	-1	0.000103854	0.0101777	0.00508885	7	CCCUUUCU	ACUUUCU	+
motif684	M231_0.6	0	0.000661674	0.064844	0.0216147	7	UGCCUGC	AGCAUGC	+
motif744	M242_0.6	0	9.53233e-05	0.00934168	0.00934168	7	CCAAAUC	CCAAAUU	+
motif749	M246_0.6	-2	0.000900651	0.0882638	0.0882638	5	GUCUCAA	CUCAA	+
motif721	M307_0.6	-2	0.000959291	0.0940105	0.0940105	5	AGAGGGA	AGGGA	+
motif113	M328_0.6	4	0.000258929	0.0253751	0.00374159	7	UUUUUUU	AUCCUUUUUUUUCG	+
